URL,page type,title,H1,description/meta description,estimated word count,indexability,canonical,noindex status,template used,content source,state/topic,apparent search intent,duplicate/overlap risk,content quality risk,legal accuracy risk,recommended action
https://www.myhoaappeal.com/,homepage,MyHOAAppeal — HOA Fine Appeal Letter Generator,Fight Unfair HOA Fines in Minutes,"Free US HOA fine appeal letter generator for homeowners across the United States. 100% free, no account required.",n/a (tool landing; not a long article),indexable,https://www.myhoaappeal.com,no noindex tag found,AppealLandingPage + HeroSection,app/page.tsx; components/HeroSection.tsx; components/AppealLandingPage.tsx,HOA fine appeal letter tool,Transactional: generate an appeal letter,Medium — state URLs repeat the same wizard with a state headline,"High — unsubstantiated $150,000 and statute-compliant claims",High — legally structured / statute compliant language,REWRITE
https://www.myhoaappeal.com/about,trust,About Us | MyHOAAppeal,About Us,"Learn why MyHOAAppeal was created to help U.S. homeowners dispute unfair HOA fines with transparent, formal appeal tools.",n/a (short page or UI),indexable,https://www.myhoaappeal.com/about,no noindex tag found,LegalPageLayout,app/about/page.tsx,About / mission,Navigational,Low,Medium — mission copy beside unsubstantiated homepage claims,Medium,REWRITE
https://www.myhoaappeal.com/contact,trust,Contact | MyHOAAppeal,Contact Us,"Contact MyHOAAppeal support for site questions, privacy requests, and general inquiries. We do not provide legal advice by email.",n/a (short page or UI),indexable,https://www.myhoaappeal.com/contact,no noindex tag found,LegalPageLayout,app/contact/page.tsx,Contact,Navigational,Low,Low,Low,KEEP
https://www.myhoaappeal.com/authors,trust,Authors & Reviewers | MyHOAAppeal,Authors & Reviewers,Meet the MyHOAAppeal editorial authors and reviewers who write and fact-check educational HOA fine appeal guides.,n/a (short page or UI),indexable,https://www.myhoaappeal.com/authors,no noindex tag found,LegalPageLayout,app/authors/page.tsx,Editorial team,Navigational,Low,"High — bios are role descriptions, not verifiable credentials",Medium,REWRITE
https://www.myhoaappeal.com/editorial-policy,trust,Editorial Policy | MyHOAAppeal,Editorial Policy,"How MyHOAAppeal researches, writes, reviews, and updates educational HOA fine appeal content—including authorship, sourcing, and corrections.",n/a (short page or UI),indexable,https://www.myhoaappeal.com/editorial-policy,no noindex tag found,LegalPageLayout,app/editorial-policy/page.tsx,Editorial policy,Navigational / trust,Low,Medium — policy implies individualized review that generators do not perform,Medium,REWRITE
https://www.myhoaappeal.com/fact-checking,trust,Fact Checking Policy | MyHOAAppeal,Fact Checking,"How MyHOAAppeal verifies HOA education claims against primary sources, reviews citations, and handles corrections.",n/a (short page or UI),indexable,https://www.myhoaappeal.com/fact-checking,no noindex tag found,LegalPageLayout,app/fact-checking/page.tsx,Fact checking,Navigational / trust,Low,Medium — fact-check claims conflict with unsourced deadlines,High,REWRITE
https://www.myhoaappeal.com/ai-transparency,trust,AI Transparency | MyHOAAppeal,AI Transparency,"How MyHOAAppeal uses AI-assisted drafting for educational HOA content, and how humans review, fact-check, and publish that content.",n/a (short page or UI),indexable,https://www.myhoaappeal.com/ai-transparency,no noindex tag found,LegalPageLayout,app/ai-transparency/page.tsx,AI transparency,Navigational / trust,Low,Low if it stays descriptive,Low,KEEP
https://www.myhoaappeal.com/privacy-policy,trust,Privacy Policy | MyHOAAppeal,Privacy Policy,"Privacy Policy for MyHOAAppeal. Client-side letter generation, no banking data collected, and disclosures for Google Analytics and Google AdSense.",n/a (short page or UI),indexable,https://www.myhoaappeal.com/privacy-policy,no noindex tag found,LegalPageLayout,app/privacy-policy/page.tsx,Privacy,Navigational,Low,Low,Low,KEEP
https://www.myhoaappeal.com/terms-of-service,trust,Terms of Service | MyHOAAppeal,Terms of Service,"Terms of Service for MyHOAAppeal. Template-based HOA appeal letters, no legal representation, and Delaware governing law.",n/a (short page or UI),indexable,https://www.myhoaappeal.com/terms-of-service,no noindex tag found,LegalPageLayout,app/terms-of-service/page.tsx,Terms,Navigational,Low,Low,Low,KEEP
https://www.myhoaappeal.com/guides,hub,HOA Fine Appeal Guides | MyHOAAppeal,HOA Fine Appeal Guides,"Fifty in-depth HOA fine appeal guides covering owner rights, evidence, hearings, liens, statutes, and board meetings for U.S. homeowners.",n/a (short page or UI),indexable,https://www.myhoaappeal.com/guides,no noindex tag found,hub/tool page,app/guides/page.tsx,Guide hub,Informational hub,Medium — hub copy calls the library SEO-focused,Medium — introduces scaled articles as in-depth,Medium,REWRITE
https://www.myhoaappeal.com/faq,hub,HOA Fine Appeal FAQ | MyHOAAppeal,HOA Fine Appeal FAQ,"Fifty in-depth FAQ answers for U.S. homeowners on HOA fines, notice, hearings, evidence, liens, and appeal letters.",n/a (short page or UI),indexable,https://www.myhoaappeal.com/faq,no noindex tag found,hub/tool page,app/faq/page.tsx,FAQ hub,Informational hub,High — 50 child URLs mirror the guide catalog,High,Medium,MERGE
https://www.myhoaappeal.com/decision-tree,tool,HOA Fine Appeal Decision Tree | MyHOAAppeal,HOA fine appeal decision tree,"Answer a few questions about your HOA fine and get guided recommendations for guides, state pages, letter templates, and appeal tools.",n/a (short page or UI),indexable,https://www.myhoaappeal.com/decision-tree,no noindex tag found,hub/tool page,lib/content/decision-tree/tree.ts,Decision tool,Informational / tool,Low,Low,Low,KEEP
https://www.myhoaappeal.com/readiness-calculator,tool,HOA Appeal Readiness Calculator | MyHOAAppeal,HOA Appeal Readiness Calculator,"Answer questions about your HOA fine appeal and get an informational readiness score with strengths, weaknesses, missing documents, and next steps.",n/a (short page or UI),indexable,https://www.myhoaappeal.com/readiness-calculator,no noindex tag found,hub/tool page,lib/content/readiness/questions.ts,Readiness tool,Informational / tool,Low,Low — score must stay non-predictive,Low,KEEP
https://www.myhoaappeal.com/map,hub,Interactive US HOA Law Map | MyHOAAppeal,Interactive US HOA Law Map,"Explore HOA fine appeal laws by state. Hover any state for overview, appeal deadlines, and common violations—then open the full state guide.",n/a (short page or UI),indexable,https://www.myhoaappeal.com/map,no noindex tag found,hub/tool page,app/map/page.tsx,State map,Navigational / informational,High — repeats state notice windows as appeal deadlines,Medium,High,REWRITE
https://www.myhoaappeal.com/state-laws,comparison,HOA Fine Caps and Hearing Notice by State | MyHOAAppeal,HOA Fine Caps and Hearing Notice by State,"Compare 50-state HOA statutes, fine caps, and hearing notice windows, then generate a custom appeal letter.",n/a (short page or UI),indexable,https://www.myhoaappeal.com/state-laws,no noindex tag found,hub/tool page,lib/content/state-laws/index.ts; lib/content/fine-caps/index.ts,50-state comparison,Informational comparison,High — same facts as state pages and the calculator,Medium,High — fallback notice windows and featured caps omit qualifications,REWRITE
https://www.myhoaappeal.com/success-stories,hub,HOA Fine Appeal Success Stories | MyHOAAppeal,HOA Fine Appeal Success Stories,"Educational HOA fine appeal success stories showing how homeowners used documentation, timelines, and hearings to resolve disputes.",n/a (short page or UI),indexable,https://www.myhoaappeal.com/success-stories,no noindex tag found,hub/tool page,app/success-stories/page.tsx,Success stories,Commercial trust,Medium,High — body says real disputes without records,High,NOINDEX
https://www.myhoaappeal.com/samples,hub,Sample HOA Appeal Letters | MyHOAAppeal,Sample HOA Appeal Letters,"Read sample HOA appeal letters for landscaping, trash-can placement, parking, and architectural fines—then generate a personalized letter for your state.",n/a (short page or UI),indexable,https://www.myhoaappeal.com/samples,no noindex tag found,hub/tool page,app/samples/page.tsx,Sample letters,Informational / commercial,Low,Low if labeled as samples,Low,KEEP
https://www.myhoaappeal.com/authors/jordan-hale,author,Jordan Hale | Author | MyHOAAppeal,Jordan Hale,"Jordan Hale, Senior Editorial Writer at MyHOAAppeal.",n/a (profile),indexable,https://www.myhoaappeal.com/authors/jordan-hale,no noindex tag found,TeamMemberProfile,lib/content/team/profiles.ts,Senior Editorial Writer,Navigational / E-E-A-T,Low,"High — credentials are job duties, not verifiable qualifications; bylines are assigned by category or state-code letter",Medium — reviewer titles can be read as legal review,REWRITE
https://www.myhoaappeal.com/authors/morgan-ellis,author,Morgan Ellis | Author | MyHOAAppeal,Morgan Ellis,"Morgan Ellis, Research Writer, State Resources at MyHOAAppeal.",n/a (profile),indexable,https://www.myhoaappeal.com/authors/morgan-ellis,no noindex tag found,TeamMemberProfile,lib/content/team/profiles.ts,"Research Writer, State Resources",Navigational / E-E-A-T,Low,"High — credentials are job duties, not verifiable qualifications; bylines are assigned by category or state-code letter",Medium — reviewer titles can be read as legal review,REWRITE
https://www.myhoaappeal.com/authors/casey-nguyen,author,Casey Nguyen | Reviewer | MyHOAAppeal,Casey Nguyen,"Casey Nguyen, Editorial Standards Lead at MyHOAAppeal.",n/a (profile),indexable,https://www.myhoaappeal.com/authors/casey-nguyen,no noindex tag found,TeamMemberProfile,lib/content/team/profiles.ts,Editorial Standards Lead,Navigational / E-E-A-T,Low,"High — credentials are job duties, not verifiable qualifications; bylines are assigned by category or state-code letter",Medium — reviewer titles can be read as legal review,REWRITE
https://www.myhoaappeal.com/authors/riley-brooks,author,Riley Brooks | Reviewer | MyHOAAppeal,Riley Brooks,"Riley Brooks, Policy Research Editor at MyHOAAppeal.",n/a (profile),indexable,https://www.myhoaappeal.com/authors/riley-brooks,no noindex tag found,TeamMemberProfile,lib/content/team/profiles.ts,Policy Research Editor,Navigational / E-E-A-T,Low,"High — credentials are job duties, not verifiable qualifications; bylines are assigned by category or state-code letter",Medium — reviewer titles can be read as legal review,REWRITE
https://www.myhoaappeal.com/guides/understanding-your-rights,guide,Understanding Your HOA Fine Appeal Rights | Due Process & Notice | MyHOAAppeal,Understanding Your Rights When an HOA Fines You,"Learn procedural due process, written notice requirements, and how to challenge arbitrary HOA enforcement before fines become final.",2078,indexable,https://www.myhoaappeal.com/guides/understanding-your-rights,no noindex tag found,GuideResource + scripts/generate-guide-content.mjs,lib/content/guides/catalog.ts + guides.generated.ts,rights-process,Informational guide,High — paired FAQ /faq/can-an-hoa-fine-me-without-notice restates the same topic,"High — shared generator skeleton, repeated closer, and slot-filled section prose",Medium — general legal statements with few section-level official citations,REWRITE
https://www.myhoaappeal.com/guides/how-to-collect-evidence,guide,How to Collect Evidence for an HOA Fine Appeal | Photos & Logs | MyHOAAppeal,How to Collect Evidence for an HOA Fine Appeal,"Build a dated evidence file with photos, logs, and records requests that strengthen HOA fine appeals and board hearings.",2003,indexable,https://www.myhoaappeal.com/guides/how-to-collect-evidence,no noindex tag found,GuideResource + scripts/generate-guide-content.mjs,lib/content/guides/catalog.ts + guides.generated.ts,evidence-enforcement,Informational guide,High — paired FAQ /faq/what-evidence-do-i-need-for-an-hoa-appeal restates the same topic,"High — shared generator skeleton, repeated closer, and slot-filled section prose",Medium — general legal statements with few section-level official citations,REWRITE
https://www.myhoaappeal.com/guides/dealing-with-lien-threats,guide,HOA Lien Threats Over Unpaid Fines | What Owners Should Do | MyHOAAppeal,Dealing With HOA Lien Threats Over Unpaid Fines,"Respond to HOA lien warnings tied to disputed fines: verify the debt, preserve appeal rights, and know when foreclosure risk becomes real.",1991,indexable,https://www.myhoaappeal.com/guides/dealing-with-lien-threats,no noindex tag found,GuideResource + scripts/generate-guide-content.mjs,lib/content/guides/catalog.ts + guides.generated.ts,money-liens,Informational guide,High — paired FAQ /faq/what-should-i-do-if-my-hoa-threatens-a-lien restates the same topic,"High — shared generator skeleton, repeated closer, and slot-filled section prose",Medium — general legal statements with few section-level official citations,REWRITE
https://www.myhoaappeal.com/guides/hoa-meeting-preparation,guide,Prepare for an HOA Board Hearing | Presentation Checklist | MyHOAAppeal,Preparing to Present Your Case at an HOA Board Hearing,"Prepare opening remarks, exhibits, and questions for an HOA board hearing so directors can follow your fine dispute clearly.",1902,indexable,https://www.myhoaappeal.com/guides/hoa-meeting-preparation,no noindex tag found,GuideResource + scripts/generate-guide-content.mjs,lib/content/guides/catalog.ts + guides.generated.ts,appeals-letters,Informational guide,High — paired FAQ /faq/how-do-i-prepare-for-an-hoa-board-hearing restates the same topic,"High — shared generator skeleton, repeated closer, and slot-filled section prose",Medium — general legal statements with few section-level official citations,REWRITE
https://www.myhoaappeal.com/guides/hoa-fine-appeal-process,guide,HOA Fine Appeal Process Step by Step | Owner Guide | MyHOAAppeal,The HOA Fine Appeal Process Step by Step,"Follow a practical HOA fine appeal process from notice review and cure to hearing requests, written decisions, and escalation options.",1978,indexable,https://www.myhoaappeal.com/guides/hoa-fine-appeal-process,no noindex tag found,GuideResource + scripts/generate-guide-content.mjs,lib/content/guides/catalog.ts + guides.generated.ts,appeals-letters,Informational guide,High — paired FAQ /faq/how-do-i-start-an-hoa-fine-appeal restates the same topic,"High — shared generator skeleton, repeated closer, and slot-filled section prose",Medium — general legal statements with few section-level official citations,REWRITE
https://www.myhoaappeal.com/guides/how-to-write-an-hoa-appeal-letter,guide,How to Write an HOA Fine Appeal Letter | Template Structure | MyHOAAppeal,How to Write an Effective HOA Fine Appeal Letter,"Write a clear HOA fine appeal letter with facts, rule citations, procedural defects, exhibits, and a specific request for relief.",1988,indexable,https://www.myhoaappeal.com/guides/how-to-write-an-hoa-appeal-letter,no noindex tag found,GuideResource + scripts/generate-guide-content.mjs,lib/content/guides/catalog.ts + guides.generated.ts,appeals-letters,Informational guide,High — paired FAQ /faq/how-do-i-write-an-hoa-appeal-letter restates the same topic,"High — shared generator skeleton, repeated closer, and slot-filled section prose",Medium — general legal statements with few section-level official citations,REWRITE
https://www.myhoaappeal.com/guides/sample-hoa-appeal-letter-structure,guide,Sample HOA Appeal Letter Structure | Sections That Work | MyHOAAppeal,Sample HOA Appeal Letter Structure and Outline,"Use a proven HOA appeal letter outline—caption, facts, defects, exhibits, and closing ask—without copying generic filler language.",2021,indexable,https://www.myhoaappeal.com/guides/sample-hoa-appeal-letter-structure,no noindex tag found,GuideResource + scripts/generate-guide-content.mjs,lib/content/guides/catalog.ts + guides.generated.ts,appeals-letters,Informational guide,High — paired FAQ /faq/what-sections-belong-in-an-hoa-appeal-letter restates the same topic,"High — shared generator skeleton, repeated closer, and slot-filled section prose",Medium — general legal statements with few section-level official citations,REWRITE
https://www.myhoaappeal.com/guides/hoa-hearing-what-to-expect,guide,What to Expect at an HOA Fine Hearing | Owner Playbook | MyHOAAppeal,What to Expect at an HOA Fine Hearing,"Learn how HOA fine hearings typically run, who speaks, what evidence matters, and how to request a fair written decision.",1986,indexable,https://www.myhoaappeal.com/guides/hoa-hearing-what-to-expect,no noindex tag found,GuideResource + scripts/generate-guide-content.mjs,lib/content/guides/catalog.ts + guides.generated.ts,appeals-letters,Informational guide,High — paired FAQ /faq/what-happens-at-an-hoa-fine-hearing restates the same topic,"High — shared generator skeleton, repeated closer, and slot-filled section prose",Medium — general legal statements with few section-level official citations,REWRITE
https://www.myhoaappeal.com/guides/after-the-hoa-hearing-next-steps,guide,"After the HOA Hearing — Next Steps | Minutes, Appeals, ADR | MyHOAAppeal",After the HOA Hearing: Next Steps for Homeowners,"Know what to do after an HOA fine hearing: confirm minutes, challenge inaccurate decisions, try ADR, or escalate carefully.",1998,indexable,https://www.myhoaappeal.com/guides/after-the-hoa-hearing-next-steps,no noindex tag found,GuideResource + scripts/generate-guide-content.mjs,lib/content/guides/catalog.ts + guides.generated.ts,appeals-letters,Informational guide,High — paired FAQ /faq/what-should-i-do-after-an-hoa-hearing restates the same topic,"High — shared generator skeleton, repeated closer, and slot-filled section prose",Medium — general legal statements with few section-level official citations,REWRITE
https://www.myhoaappeal.com/guides/appealing-an-hoa-fine-in-court,guide,Appealing an HOA Fine in Court | When Litigation Makes Sense | MyHOAAppeal,Appealing an HOA Fine in Court,"Understand when court review of an HOA fine is realistic, what records judges expect, and how internal appeals affect litigation.",2028,indexable,https://www.myhoaappeal.com/guides/appealing-an-hoa-fine-in-court,no noindex tag found,GuideResource + scripts/generate-guide-content.mjs,lib/content/guides/catalog.ts + guides.generated.ts,appeals-letters,Informational guide,High — paired FAQ /faq/can-i-take-an-hoa-fine-to-court restates the same topic,"High — shared generator skeleton, repeated closer, and slot-filled section prose",Medium — general legal statements with few section-level official citations,REWRITE
https://www.myhoaappeal.com/guides/checklist-before-paying-an-hoa-fine,guide,Checklist Before Paying an HOA Fine | Verify First | MyHOAAppeal,Checklist Before Paying an HOA Fine,"Use this pre-payment checklist to verify notice, cure windows, fine schedules, and appeal rights before you pay an HOA penalty.",1981,indexable,https://www.myhoaappeal.com/guides/checklist-before-paying-an-hoa-fine,no noindex tag found,GuideResource + scripts/generate-guide-content.mjs,lib/content/guides/catalog.ts + guides.generated.ts,appeals-letters,Informational guide,High — paired FAQ /faq/should-i-pay-an-hoa-fine-before-appealing restates the same topic,"High — shared generator skeleton, repeated closer, and slot-filled section prose",Medium — general legal statements with few section-level official citations,REWRITE
https://www.myhoaappeal.com/guides/selective-enforcement-hoa-fines,guide,Selective Enforcement of HOA Fines | How to Prove It | MyHOAAppeal,Selective Enforcement of HOA Fines Explained,"Prove selective HOA enforcement with neighbor comparisons, records requests, and a calm written narrative boards cannot ignore.",2011,indexable,https://www.myhoaappeal.com/guides/selective-enforcement-hoa-fines,no noindex tag found,GuideResource + scripts/generate-guide-content.mjs,lib/content/guides/catalog.ts + guides.generated.ts,evidence-enforcement,Informational guide,High — paired FAQ /faq/what-is-selective-enforcement-by-an-hoa restates the same topic,"High — shared generator skeleton, repeated closer, and slot-filled section prose",Medium — general legal statements with few section-level official citations,REWRITE
https://www.myhoaappeal.com/guides/photographic-evidence-for-hoa-appeals,guide,Photographic Evidence for HOA Appeals | Dating & Framing Tips | MyHOAAppeal,Photographic Evidence for HOA Fine Appeals,"Capture HOA appeal photos that show dates, landmarks, and lot identity so volunteer boards and later reviewers trust your file.",1986,indexable,https://www.myhoaappeal.com/guides/photographic-evidence-for-hoa-appeals,no noindex tag found,GuideResource + scripts/generate-guide-content.mjs,lib/content/guides/catalog.ts + guides.generated.ts,evidence-enforcement,Informational guide,High — paired FAQ /faq/how-should-i-photograph-hoa-violations restates the same topic,"High — shared generator skeleton, repeated closer, and slot-filled section prose",Medium — general legal statements with few section-level official citations,REWRITE
https://www.myhoaappeal.com/guides/requesting-hoa-records-and-violation-files,guide,Request HOA Records & Violation Files | Owner Access Guide | MyHOAAppeal,Requesting HOA Records and Violation Files,"Request HOA violation photos, fine schedules, and meeting minutes using your documents and state association records rules.",1963,indexable,https://www.myhoaappeal.com/guides/requesting-hoa-records-and-violation-files,no noindex tag found,GuideResource + scripts/generate-guide-content.mjs,lib/content/guides/catalog.ts + guides.generated.ts,evidence-enforcement,Informational guide,High — paired FAQ /faq/can-i-request-my-hoa-violation-file restates the same topic,"High — shared generator skeleton, repeated closer, and slot-filled section prose",Medium — general legal statements with few section-level official citations,REWRITE
https://www.myhoaappeal.com/guides/comparing-neighbor-enforcement-records,guide,Neighbor Comparison Evidence for HOA Fines | Selective Enforcement | MyHOAAppeal,Comparing Neighbor Enforcement Records in HOA Disputes,Build lawful neighbor comparison charts that show uneven HOA fine enforcement without harassment or privacy violations.,1975,indexable,https://www.myhoaappeal.com/guides/comparing-neighbor-enforcement-records,no noindex tag found,GuideResource + scripts/generate-guide-content.mjs,lib/content/guides/catalog.ts + guides.generated.ts,evidence-enforcement,Informational guide,High — paired FAQ /faq/how-do-i-compare-neighbor-hoa-enforcement restates the same topic,"High — shared generator skeleton, repeated closer, and slot-filled section prose",Medium — general legal statements with few section-level official citations,REWRITE
https://www.myhoaappeal.com/guides/certified-mail-and-notice-proof,guide,Certified Mail & HOA Notice Proof | Deadlines That Stick | MyHOAAppeal,Certified Mail and Proof of HOA Notice,"Create airtight notice proof for HOA fine appeals with certified mail, email archives, and calendar math that protects deadlines.",2111,indexable,https://www.myhoaappeal.com/guides/certified-mail-and-notice-proof,no noindex tag found,GuideResource + scripts/generate-guide-content.mjs,lib/content/guides/catalog.ts + guides.generated.ts,evidence-enforcement,Informational guide,High — paired FAQ /faq/how-do-i-prove-hoa-notice-was-defective restates the same topic,"High — shared generator skeleton, repeated closer, and slot-filled section prose",Medium — general legal statements with few section-level official citations,REWRITE
https://www.myhoaappeal.com/guides/preparing-exhibits-for-hoa-hearings,guide,Preparing Exhibits for HOA Hearings | Packet Index Guide | MyHOAAppeal,Preparing Exhibits for HOA Hearings,"Organize numbered HOA hearing exhibits—photos, letters, schedules, and comparables—so directors can follow your case in minutes.",1996,indexable,https://www.myhoaappeal.com/guides/preparing-exhibits-for-hoa-hearings,no noindex tag found,GuideResource + scripts/generate-guide-content.mjs,lib/content/guides/catalog.ts + guides.generated.ts,evidence-enforcement,Informational guide,High — paired FAQ /faq/how-do-i-organize-hoa-hearing-exhibits restates the same topic,"High — shared generator skeleton, repeated closer, and slot-filled section prose",Medium — general legal statements with few section-level official citations,REWRITE
https://www.myhoaappeal.com/guides/retaliatory-enforcement-by-hoa-boards,guide,Retaliatory HOA Enforcement | Spotting & Documenting Patterns | MyHOAAppeal,Retaliatory Enforcement by HOA Boards,"Recognize retaliatory HOA fine patterns after complaints or votes, and document timing that supports a fair-process challenge.",1961,indexable,https://www.myhoaappeal.com/guides/retaliatory-enforcement-by-hoa-boards,no noindex tag found,GuideResource + scripts/generate-guide-content.mjs,lib/content/guides/catalog.ts + guides.generated.ts,evidence-enforcement,Informational guide,High — paired FAQ /faq/what-is-retaliatory-hoa-enforcement restates the same topic,"High — shared generator skeleton, repeated closer, and slot-filled section prose",Medium — general legal statements with few section-level official citations,REWRITE
https://www.myhoaappeal.com/guides/hoa-fine-schedules-and-caps,guide,HOA Fine Schedules and Caps | How Amounts Are Set | MyHOAAppeal,HOA Fine Schedules and Caps Explained,Learn how HOA fine schedules and statutory or document caps limit penalties—and what to do when boards invent amounts.,1975,indexable,https://www.myhoaappeal.com/guides/hoa-fine-schedules-and-caps,no noindex tag found,GuideResource + scripts/generate-guide-content.mjs,lib/content/guides/catalog.ts + guides.generated.ts,money-liens,Informational guide,High — paired FAQ /faq/can-my-hoa-charge-more-than-the-fine-schedule restates the same topic,"High — shared generator skeleton, repeated closer, and slot-filled section prose",Medium — general legal statements with few section-level official citations,REWRITE
https://www.myhoaappeal.com/guides/cure-periods-before-hoa-fines,guide,HOA Cure Periods Before Fines | Notice Windows Explained | MyHOAAppeal,Cure Periods Before HOA Fines Begin,"Understand cure periods before HOA fines accrue, how mail dates work, and how to request extensions without waiving rights.",1984,indexable,https://www.myhoaappeal.com/guides/cure-periods-before-hoa-fines,no noindex tag found,GuideResource + scripts/generate-guide-content.mjs,lib/content/guides/catalog.ts + guides.generated.ts,money-liens,Informational guide,High — paired FAQ /faq/what-is-an-hoa-cure-period restates the same topic,"High — shared generator skeleton, repeated closer, and slot-filled section prose",Medium — general legal statements with few section-level official citations,REWRITE
https://www.myhoaappeal.com/guides/daily-fines-and-accruing-penalties,guide,Daily HOA Fines & Accruing Penalties | Stop the Meter | MyHOAAppeal,Daily Fines and Accruing HOA Penalties,"Challenge daily HOA fines and accruing penalties by verifying schedules, cure pauses during appeals, and notice defects.",2017,indexable,https://www.myhoaappeal.com/guides/daily-fines-and-accruing-penalties,no noindex tag found,GuideResource + scripts/generate-guide-content.mjs,lib/content/guides/catalog.ts + guides.generated.ts,money-liens,Informational guide,High — paired FAQ /faq/can-an-hoa-stack-daily-fines-indefinitely restates the same topic,"High — shared generator skeleton, repeated closer, and slot-filled section prose",Medium — general legal statements with few section-level official citations,REWRITE
https://www.myhoaappeal.com/guides/assessment-vs-fine-differences,guide,HOA Assessments vs Fines | Why the Distinction Matters | MyHOAAppeal,Assessments vs Fines: Critical Differences for Owners,"Separate regular assessments from fines so you know which ledger charges support liens, voting rights, and appeal procedures.",2025,indexable,https://www.myhoaappeal.com/guides/assessment-vs-fine-differences,no noindex tag found,GuideResource + scripts/generate-guide-content.mjs,lib/content/guides/catalog.ts + guides.generated.ts,money-liens,Informational guide,High — paired FAQ /faq/are-hoa-assessments-the-same-as-fines restates the same topic,"High — shared generator skeleton, repeated closer, and slot-filled section prose",Medium — general legal statements with few section-level official citations,REWRITE
https://www.myhoaappeal.com/guides/hoa-collections-and-demand-letters,guide,HOA Collections & Demand Letters | Owner Response Guide | MyHOAAppeal,HOA Collections and Demand Letters,"Respond to HOA collection and demand letters without waiving disputes—verify charges, ask for breakdowns, and protect appeal rights.",2012,indexable,https://www.myhoaappeal.com/guides/hoa-collections-and-demand-letters,no noindex tag found,GuideResource + scripts/generate-guide-content.mjs,lib/content/guides/catalog.ts + guides.generated.ts,money-liens,Informational guide,High — paired FAQ /faq/how-should-i-respond-to-hoa-collection-letters restates the same topic,"High — shared generator skeleton, repeated closer, and slot-filled section prose",Medium — general legal statements with few section-level official citations,REWRITE
https://www.myhoaappeal.com/guides/hoa-foreclosure-risks-from-unpaid-fines,guide,HOA Foreclosure Risks From Unpaid Fines | Reality Check | MyHOAAppeal,HOA Foreclosure Risks From Unpaid Fines,"Understand when unpaid HOA fines can feed lien and foreclosure pathways, and what owners should do before risk escalates.",2080,indexable,https://www.myhoaappeal.com/guides/hoa-foreclosure-risks-from-unpaid-fines,no noindex tag found,GuideResource + scripts/generate-guide-content.mjs,lib/content/guides/catalog.ts + guides.generated.ts,money-liens,Informational guide,High — paired FAQ /faq/can-an-hoa-foreclose-over-unpaid-fines restates the same topic,"High — shared generator skeleton, repeated closer, and slot-filled section prose",Medium — general legal statements with few section-level official citations,REWRITE
https://www.myhoaappeal.com/guides/privilege-suspension-and-amenity-bans,guide,HOA Privilege Suspension & Amenity Bans | Owner Rights | MyHOAAppeal,Privilege Suspension and Amenity Bans by HOAs,Challenge HOA amenity bans and privilege suspensions tied to disputed fines when documents or statutes require fair process first.,2094,indexable,https://www.myhoaappeal.com/guides/privilege-suspension-and-amenity-bans,no noindex tag found,GuideResource + scripts/generate-guide-content.mjs,lib/content/guides/catalog.ts + guides.generated.ts,money-liens,Informational guide,High — paired FAQ /faq/can-an-hoa-suspend-amenities-over-a-disputed-fine restates the same topic,"High — shared generator skeleton, repeated closer, and slot-filled section prose",Medium — general legal statements with few section-level official citations,REWRITE
https://www.myhoaappeal.com/guides/hoa-due-process-rights,guide,"HOA Due Process Rights | Notice, Hearing & Fair Procedure | MyHOAAppeal",HOA Due Process Rights for Homeowners,"Map HOA due process rights—notice, opportunity to be heard, and reasoned decisions—using statutes and your governing documents.",2024,indexable,https://www.myhoaappeal.com/guides/hoa-due-process-rights,no noindex tag found,GuideResource + scripts/generate-guide-content.mjs,lib/content/guides/catalog.ts + guides.generated.ts,rights-process,Informational guide,High — paired FAQ /faq/what-due-process-rights-do-hoa-owners-have restates the same topic,"High — shared generator skeleton, repeated closer, and slot-filled section prose",Medium — general legal statements with few section-level official citations,REWRITE
https://www.myhoaappeal.com/guides/hoa-fine-timelines-and-deadlines,guide,HOA Fine Timelines & Deadlines | Calendar Your Appeal | MyHOAAppeal,HOA Fine Timelines and Critical Deadlines,"Build an HOA fine timeline covering inspection, notice, cure, hearing, and appeal cutoffs so you never miss a protective deadline.",2028,indexable,https://www.myhoaappeal.com/guides/hoa-fine-timelines-and-deadlines,no noindex tag found,GuideResource + scripts/generate-guide-content.mjs,lib/content/guides/catalog.ts + guides.generated.ts,rights-process,Informational guide,High — paired FAQ /faq/what-deadlines-matter-in-hoa-fine-disputes restates the same topic,"High — shared generator skeleton, repeated closer, and slot-filled section prose",Medium — general legal statements with few section-level official citations,REWRITE
https://www.myhoaappeal.com/guides/reading-hoa-statutes-and-ccrs,guide,How to Read HOA Statutes & CC&Rs | Practical Owner Guide | MyHOAAppeal,How to Read HOA Statutes and CC&Rs,"Read HOA statutes and CC&Rs like an advocate: find definitions, enforcement ladders, hearing clauses, and fine-schedule adoption rules.",2091,indexable,https://www.myhoaappeal.com/guides/reading-hoa-statutes-and-ccrs,no noindex tag found,GuideResource + scripts/generate-guide-content.mjs,lib/content/guides/catalog.ts + guides.generated.ts,rights-process,Informational guide,High — paired FAQ /faq/how-do-i-read-hoa-statutes-and-ccrs restates the same topic,"High — shared generator skeleton, repeated closer, and slot-filled section prose",Medium — general legal statements with few section-level official citations,REWRITE
https://www.myhoaappeal.com/guides/hoa-legal-terminology-glossary,guide,"HOA Legal Terminology Glossary | CC&Rs, Fines, Liens | MyHOAAppeal",HOA Legal Terminology Glossary for Homeowners,"Decode HOA legal terminology—CC&Rs, assessments, fine schedules, IDR, and more—so notices and appeal letters use precise language.",2063,indexable,https://www.myhoaappeal.com/guides/hoa-legal-terminology-glossary,no noindex tag found,GuideResource + scripts/generate-guide-content.mjs,lib/content/guides/catalog.ts + guides.generated.ts,rules-terminology,Informational guide,High — paired FAQ /faq/what-hoa-legal-terms-should-owners-know restates the same topic,"High — shared generator skeleton, repeated closer, and slot-filled section prose",Medium — general legal statements with few section-level official citations,REWRITE
https://www.myhoaappeal.com/guides/state-hoa-law-basics-for-homeowners,guide,State HOA Law Basics for Homeowners | National Overview | MyHOAAppeal,State HOA Law Basics Every Homeowner Should Know,"Learn how state HOA and condominium acts interact with private CC&Rs, and where to look for hearing, notice, and records rights.",1993,indexable,https://www.myhoaappeal.com/guides/state-hoa-law-basics-for-homeowners,no noindex tag found,GuideResource + scripts/generate-guide-content.mjs,lib/content/guides/catalog.ts + guides.generated.ts,rights-process,Informational guide,High — paired FAQ /faq/how-do-state-hoa-laws-affect-fine-appeals restates the same topic,"High — shared generator skeleton, repeated closer, and slot-filled section prose",Medium — general legal statements with few section-level official citations,REWRITE
https://www.myhoaappeal.com/guides/condominium-vs-hoa-fine-differences,guide,Condominium vs HOA Fine Differences | Which Rules Apply | MyHOAAppeal,Condominium vs HOA Fine Differences,Compare condominium and planned-community fine rules so you cite the right statute family when disputing penalties.,1979,indexable,https://www.myhoaappeal.com/guides/condominium-vs-hoa-fine-differences,no noindex tag found,GuideResource + scripts/generate-guide-content.mjs,lib/content/guides/catalog.ts + guides.generated.ts,rights-process,Informational guide,High — paired FAQ /faq/do-condo-and-hoa-fine-rules-differ restates the same topic,"High — shared generator skeleton, repeated closer, and slot-filled section prose",Medium — general legal statements with few section-level official citations,REWRITE
https://www.myhoaappeal.com/guides/statute-of-limitations-for-hoa-fines,guide,Statute of Limitations for HOA Fines | Timing Risks | MyHOAAppeal,Statute of Limitations Issues for HOA Fines,"Explore how limitation periods, laches, and stale violations can affect HOA fine collection and owner defenses.",1975,indexable,https://www.myhoaappeal.com/guides/statute-of-limitations-for-hoa-fines,no noindex tag found,GuideResource + scripts/generate-guide-content.mjs,lib/content/guides/catalog.ts + guides.generated.ts,rights-process,Informational guide,High — paired FAQ /faq/is-there-a-time-limit-to-challenge-hoa-fines restates the same topic,"High — shared generator skeleton, repeated closer, and slot-filled section prose",Medium — general legal statements with few section-level official citations,REWRITE
https://www.myhoaappeal.com/guides/homeowner-bill-of-rights-hoa-enforcement,guide,Homeowner Bill of Rights for HOA Enforcement | Fair Process | MyHOAAppeal,A Practical Homeowner Bill of Rights for HOA Enforcement,Use a practical homeowner bill of rights framework to evaluate whether HOA fine enforcement meets basic fairness standards.,2025,indexable,https://www.myhoaappeal.com/guides/homeowner-bill-of-rights-hoa-enforcement,no noindex tag found,GuideResource + scripts/generate-guide-content.mjs,lib/content/guides/catalog.ts + guides.generated.ts,rights-process,Informational guide,High — paired FAQ /faq/what-is-a-practical-hoa-homeowner-bill-of-rights restates the same topic,"High — shared generator skeleton, repeated closer, and slot-filled section prose",Medium — general legal statements with few section-level official citations,REWRITE
https://www.myhoaappeal.com/guides/hoa-board-meeting-rules-and-minutes,guide,HOA Board Meeting Rules & Minutes | Owner Participation | MyHOAAppeal,HOA Board Meeting Rules and Minutes,Use HOA board meeting rules and accurate minutes to challenge fine votes taken without proper notice or recorded rationale.,2001,indexable,https://www.myhoaappeal.com/guides/hoa-board-meeting-rules-and-minutes,no noindex tag found,GuideResource + scripts/generate-guide-content.mjs,lib/content/guides/catalog.ts + guides.generated.ts,rules-terminology,Informational guide,High — paired FAQ /faq/do-hoa-board-minutes-matter-in-fine-disputes restates the same topic,"High — shared generator skeleton, repeated closer, and slot-filled section prose",Medium — general legal statements with few section-level official citations,REWRITE
https://www.myhoaappeal.com/guides/open-meeting-laws-and-hoa-transparency,guide,Open Meeting Laws & HOA Transparency | Owner Access | MyHOAAppeal,Open Meeting Laws and HOA Transparency,"Apply open-meeting and transparency norms to HOA fine decisions, executive sessions, and owner comment opportunities.",2059,indexable,https://www.myhoaappeal.com/guides/open-meeting-laws-and-hoa-transparency,no noindex tag found,GuideResource + scripts/generate-guide-content.mjs,lib/content/guides/catalog.ts + guides.generated.ts,rules-terminology,Informational guide,High — paired FAQ /faq/do-open-meeting-laws-apply-to-hoa-fine-votes restates the same topic,"High — shared generator skeleton, repeated closer, and slot-filled section prose",Medium — general legal statements with few section-level official citations,REWRITE
https://www.myhoaappeal.com/guides/conflict-of-interest-on-hoa-boards,guide,HOA Board Conflicts of Interest | Recusal & Fair Hearings | MyHOAAppeal,Conflicts of Interest on HOA Boards,Identify HOA board conflicts that taint fine hearings and how to request recusal or a reconstituted decision panel.,2003,indexable,https://www.myhoaappeal.com/guides/conflict-of-interest-on-hoa-boards,no noindex tag found,GuideResource + scripts/generate-guide-content.mjs,lib/content/guides/catalog.ts + guides.generated.ts,rules-terminology,Informational guide,High — paired FAQ /faq/what-if-an-hoa-board-member-has-a-conflict restates the same topic,"High — shared generator skeleton, repeated closer, and slot-filled section prose",Medium — general legal statements with few section-level official citations,REWRITE
https://www.myhoaappeal.com/guides/management-company-roles-in-hoa-fines,guide,HOA Management Companies & Fines | Who Decides What | MyHOAAppeal,Management Company Roles in HOA Fines,Separate manager recommendations from board votes when disputing HOA fines issued through a management company portal.,1980,indexable,https://www.myhoaappeal.com/guides/management-company-roles-in-hoa-fines,no noindex tag found,GuideResource + scripts/generate-guide-content.mjs,lib/content/guides/catalog.ts + guides.generated.ts,rules-terminology,Informational guide,High — paired FAQ /faq/can-a-management-company-decide-hoa-fines restates the same topic,"High — shared generator skeleton, repeated closer, and slot-filled section prose",Medium — general legal statements with few section-level official citations,REWRITE
https://www.myhoaappeal.com/guides/amending-ccrs-vs-enforcing-rules,guide,Amending CC&Rs vs Enforcing Rules | Why Process Matters | MyHOAAppeal,Amending CC&Rs vs Enforcing Existing Rules,Distinguish CC&R amendments from day-to-day rule enforcement so boards cannot invent standards after the fact to justify fines.,2011,indexable,https://www.myhoaappeal.com/guides/amending-ccrs-vs-enforcing-rules,no noindex tag found,GuideResource + scripts/generate-guide-content.mjs,lib/content/guides/catalog.ts + guides.generated.ts,rules-terminology,Informational guide,High — paired FAQ /faq/can-an-hoa-enforce-a-rule-that-was-never-amended restates the same topic,"High — shared generator skeleton, repeated closer, and slot-filled section prose",Medium — general legal statements with few section-level official citations,REWRITE
https://www.myhoaappeal.com/guides/challenging-arbitrary-hoa-fines,guide,Challenging Arbitrary HOA Fines | Vague Standards & Abuse | MyHOAAppeal,Challenging Arbitrary HOA Fines,"Challenge arbitrary HOA fines rooted in vague standards, shifting aesthetics, or enforcement that ignores published schedules.",1973,indexable,https://www.myhoaappeal.com/guides/challenging-arbitrary-hoa-fines,no noindex tag found,GuideResource + scripts/generate-guide-content.mjs,lib/content/guides/catalog.ts + guides.generated.ts,evidence-enforcement,Informational guide,High — paired FAQ /faq/how-do-i-challenge-an-arbitrary-hoa-fine restates the same topic,"High — shared generator skeleton, repeated closer, and slot-filled section prose",Medium — general legal statements with few section-level official citations,REWRITE
https://www.myhoaappeal.com/guides/architectural-review-denials-and-appeals,guide,Architectural Review Denials & Appeals | ACC Strategies | MyHOAAppeal,Architectural Review Denials and Appeals,"Appeal HOA architectural review denials and related fines with plans, precedent approvals, and recorded design guidelines.",1977,indexable,https://www.myhoaappeal.com/guides/architectural-review-denials-and-appeals,no noindex tag found,GuideResource + scripts/generate-guide-content.mjs,lib/content/guides/catalog.ts + guides.generated.ts,appeals-letters,Informational guide,High — paired FAQ /faq/how-do-i-appeal-an-architectural-review-denial restates the same topic,"High — shared generator skeleton, repeated closer, and slot-filled section prose",Medium — general legal statements with few section-level official citations,REWRITE
https://www.myhoaappeal.com/guides/landscaping-and-maintenance-violation-appeals,guide,Landscaping & Maintenance HOA Violation Appeals | Owner Guide | MyHOAAppeal,Appealing Landscaping and Maintenance HOA Violations,"Appeal landscaping and maintenance HOA fines with cure photos, vendor delays, weather logs, and measurable standard arguments.",2063,indexable,https://www.myhoaappeal.com/guides/landscaping-and-maintenance-violation-appeals,no noindex tag found,GuideResource + scripts/generate-guide-content.mjs,lib/content/guides/catalog.ts + guides.generated.ts,appeals-letters,Informational guide,High — paired FAQ /faq/how-do-i-appeal-a-landscaping-hoa-fine restates the same topic,"High — shared generator skeleton, repeated closer, and slot-filled section prose",Medium — general legal statements with few section-level official citations,REWRITE
https://www.myhoaappeal.com/guides/parking-and-vehicle-hoa-fines,guide,Parking & Vehicle HOA Fines | Dispute Strategies | MyHOAAppeal,Parking and Vehicle HOA Fines: How to Dispute Them,"Dispute parking and vehicle HOA fines using signage photos, guest rules, tow policies, and selective-enforcement comparisons.",2031,indexable,https://www.myhoaappeal.com/guides/parking-and-vehicle-hoa-fines,no noindex tag found,GuideResource + scripts/generate-guide-content.mjs,lib/content/guides/catalog.ts + guides.generated.ts,appeals-letters,Informational guide,High — paired FAQ /faq/how-do-i-dispute-a-parking-hoa-fine restates the same topic,"High — shared generator skeleton, repeated closer, and slot-filled section prose",Medium — general legal statements with few section-level official citations,REWRITE
https://www.myhoaappeal.com/guides/noise-and-nuisance-hoa-violations,guide,Noise & Nuisance HOA Violations | Evidence That Helps | MyHOAAppeal,Noise and Nuisance HOA Violations,"Respond to noise and nuisance HOA violations with logs, quiet-hours rules, and proportionate cure plans instead of denials alone.",2013,indexable,https://www.myhoaappeal.com/guides/noise-and-nuisance-hoa-violations,no noindex tag found,GuideResource + scripts/generate-guide-content.mjs,lib/content/guides/catalog.ts + guides.generated.ts,appeals-letters,Informational guide,High — paired FAQ /faq/how-do-i-respond-to-noise-hoa-violations restates the same topic,"High — shared generator skeleton, repeated closer, and slot-filled section prose",Medium — general legal statements with few section-level official citations,REWRITE
https://www.myhoaappeal.com/guides/pet-related-hoa-fines,guide,"Pet-Related HOA Fines & Appeals | Leash, Waste & Breed Rules | MyHOAAppeal",Pet-Related HOA Fines and Appeals,"Appeal pet-related HOA fines by comparing rule text, service-animal issues, and uneven enforcement across the community.",1983,indexable,https://www.myhoaappeal.com/guides/pet-related-hoa-fines,no noindex tag found,GuideResource + scripts/generate-guide-content.mjs,lib/content/guides/catalog.ts + guides.generated.ts,appeals-letters,Informational guide,High — paired FAQ /faq/how-do-i-appeal-a-pet-related-hoa-fine restates the same topic,"High — shared generator skeleton, repeated closer, and slot-filled section prose",Medium — general legal statements with few section-level official citations,REWRITE
https://www.myhoaappeal.com/guides/short-term-rental-hoa-enforcement,guide,Short-Term Rental HOA Enforcement & Fines | Owner Guide | MyHOAAppeal,Short-Term Rental HOA Enforcement and Fines,"Navigate short-term rental HOA enforcement, fine notices, and appeals when city permits conflict with recorded covenants.",2011,indexable,https://www.myhoaappeal.com/guides/short-term-rental-hoa-enforcement,no noindex tag found,GuideResource + scripts/generate-guide-content.mjs,lib/content/guides/catalog.ts + guides.generated.ts,appeals-letters,Informational guide,High — paired FAQ /faq/can-an-hoa-fine-me-for-short-term-rentals restates the same topic,"High — shared generator skeleton, repeated closer, and slot-filled section prose",Medium — general legal statements with few section-level official citations,REWRITE
https://www.myhoaappeal.com/guides/emergency-fines-and-safety-violations,guide,Emergency HOA Fines & Safety Violations | Priority Cures | MyHOAAppeal,Emergency Fines and Safety Violations,Handle emergency and safety HOA fines by curing hazards first while still preserving notice and hearing challenges on procedure.,2070,indexable,https://www.myhoaappeal.com/guides/emergency-fines-and-safety-violations,no noindex tag found,GuideResource + scripts/generate-guide-content.mjs,lib/content/guides/catalog.ts + guides.generated.ts,money-liens,Informational guide,High — paired FAQ /faq/how-should-i-handle-emergency-hoa-safety-fines restates the same topic,"High — shared generator skeleton, repeated closer, and slot-filled section prose",Medium — general legal statements with few section-level official citations,REWRITE
https://www.myhoaappeal.com/guides/seasonal-and-weather-related-cure-delays,guide,Weather-Related HOA Cure Delays | Documenting Extensions | MyHOAAppeal,Seasonal and Weather-Related HOA Cure Delays,Document seasonal and weather-related cure delays so HOA boards grant extensions instead of stacking daily fines unfairly.,2038,indexable,https://www.myhoaappeal.com/guides/seasonal-and-weather-related-cure-delays,no noindex tag found,GuideResource + scripts/generate-guide-content.mjs,lib/content/guides/catalog.ts + guides.generated.ts,evidence-enforcement,Informational guide,High — paired FAQ /faq/can-weather-delay-an-hoa-cure-deadline restates the same topic,"High — shared generator skeleton, repeated closer, and slot-filled section prose",Medium — general legal statements with few section-level official citations,REWRITE
https://www.myhoaappeal.com/guides/insurance-claims-and-hoa-fine-disputes,guide,Insurance Claims & HOA Fine Disputes | Coordinating Timelines | MyHOAAppeal,Insurance Claims and HOA Fine Disputes,Coordinate insurance claim timelines with HOA fine cure deadlines so adjusters and boards see good-faith repair progress.,2098,indexable,https://www.myhoaappeal.com/guides/insurance-claims-and-hoa-fine-disputes,no noindex tag found,GuideResource + scripts/generate-guide-content.mjs,lib/content/guides/catalog.ts + guides.generated.ts,money-liens,Informational guide,High — paired FAQ /faq/how-do-insurance-claims-affect-hoa-fine-disputes restates the same topic,"High — shared generator skeleton, repeated closer, and slot-filled section prose",Medium — general legal statements with few section-level official citations,REWRITE
https://www.myhoaappeal.com/guides/mediation-and-adr-for-hoa-disputes,guide,Mediation & ADR for HOA Fine Disputes | When It Helps | MyHOAAppeal,Mediation and ADR for HOA Fine Disputes,Use mediation and alternative dispute resolution for HOA fine conflicts when internal hearings stall or relationships are strained.,1999,indexable,https://www.myhoaappeal.com/guides/mediation-and-adr-for-hoa-disputes,no noindex tag found,GuideResource + scripts/generate-guide-content.mjs,lib/content/guides/catalog.ts + guides.generated.ts,appeals-letters,Informational guide,High — paired FAQ /faq/when-does-hoa-mediation-make-sense restates the same topic,"High — shared generator skeleton, repeated closer, and slot-filled section prose",Medium — general legal statements with few section-level official citations,REWRITE
https://www.myhoaappeal.com/guides/when-to-hire-an-hoa-attorney,guide,"When to Hire an HOA Attorney | Lien, Hearing & Court Triggers | MyHOAAppeal",When to Hire an HOA Attorney,"Know when an HOA fine dispute needs a licensed attorney—lien threats, counsel present at hearings, foreclosure risk, or court filing.",2007,indexable,https://www.myhoaappeal.com/guides/when-to-hire-an-hoa-attorney,no noindex tag found,GuideResource + scripts/generate-guide-content.mjs,lib/content/guides/catalog.ts + guides.generated.ts,appeals-letters,Informational guide,High — paired FAQ /faq/when-should-i-hire-an-hoa-attorney restates the same topic,"High — shared generator skeleton, repeated closer, and slot-filled section prose",Medium — general legal statements with few section-level official citations,REWRITE
https://www.myhoaappeal.com/faq/can-an-hoa-fine-me-without-notice,faq,Can an HOA Fine Me Without Written Notice? | Owner FAQ | MyHOAAppeal,Can an HOA fine me without written notice?,"Learn when HOAs must give written notice before fines, what due process usually requires, and how to challenge penalties issued without proper notice.",1087,indexable,https://www.myhoaappeal.com/faq/can-an-hoa-fine-me-without-notice,no noindex tag found,FaqResource + scripts/generate-faq-content.mjs,lib/content/faq/catalog.ts + faq.generated.ts,rights-process,Informational question,High — one-to-one pair with /guides/understanding-your-rights,High — same paragraph frames with the topic phrase inserted,Medium — direct answers state legal duties without a jurisdiction,MERGE
https://www.myhoaappeal.com/faq/what-evidence-do-i-need-for-an-hoa-appeal,faq,What Evidence Do I Need for an HOA Fine Appeal? | FAQ | MyHOAAppeal,What evidence do I need for an HOA fine appeal?,"Find out which photos, logs, records, and exhibits strengthen an HOA fine appeal and how to organize a board-ready evidence packet.",1076,indexable,https://www.myhoaappeal.com/faq/what-evidence-do-i-need-for-an-hoa-appeal,no noindex tag found,FaqResource + scripts/generate-faq-content.mjs,lib/content/faq/catalog.ts + faq.generated.ts,evidence-enforcement,Informational question,High — one-to-one pair with /guides/how-to-collect-evidence,High — same paragraph frames with the topic phrase inserted,Medium — direct answers state legal duties without a jurisdiction,MERGE
https://www.myhoaappeal.com/faq/what-should-i-do-if-my-hoa-threatens-a-lien,faq,What Should I Do If My HOA Threatens a Lien? | FAQ | MyHOAAppeal,What should I do if my HOA threatens a lien over a fine?,"Respond to HOA lien threats tied to disputed fines: verify the debt, preserve appeal rights, and know when foreclosure risk becomes real.",1087,indexable,https://www.myhoaappeal.com/faq/what-should-i-do-if-my-hoa-threatens-a-lien,no noindex tag found,FaqResource + scripts/generate-faq-content.mjs,lib/content/faq/catalog.ts + faq.generated.ts,money-liens,Informational question,High — one-to-one pair with /guides/dealing-with-lien-threats,High — same paragraph frames with the topic phrase inserted,Medium — direct answers state legal duties without a jurisdiction,MERGE
https://www.myhoaappeal.com/faq/how-do-i-prepare-for-an-hoa-board-hearing,faq,How Do I Prepare for an HOA Board Hearing? | FAQ | MyHOAAppeal,How do I prepare for an HOA board hearing?,"Prepare opening remarks, exhibits, and questions for an HOA board hearing so directors can follow your fine dispute clearly.",1066,indexable,https://www.myhoaappeal.com/faq/how-do-i-prepare-for-an-hoa-board-hearing,no noindex tag found,FaqResource + scripts/generate-faq-content.mjs,lib/content/faq/catalog.ts + faq.generated.ts,appeals-letters,Informational question,High — one-to-one pair with /guides/hoa-meeting-preparation,High — same paragraph frames with the topic phrase inserted,Medium — direct answers state legal duties without a jurisdiction,MERGE
https://www.myhoaappeal.com/faq/how-do-i-start-an-hoa-fine-appeal,faq,How Do I Start an HOA Fine Appeal? | Step FAQ | MyHOAAppeal,How do I start an HOA fine appeal?,"Start an HOA fine appeal correctly: review notice and cure windows, request a hearing in writing, and calendar every protective deadline.",1080,indexable,https://www.myhoaappeal.com/faq/how-do-i-start-an-hoa-fine-appeal,no noindex tag found,FaqResource + scripts/generate-faq-content.mjs,lib/content/faq/catalog.ts + faq.generated.ts,appeals-letters,Informational question,High — one-to-one pair with /guides/hoa-fine-appeal-process,High — same paragraph frames with the topic phrase inserted,Medium — direct answers state legal duties without a jurisdiction,MERGE
https://www.myhoaappeal.com/faq/how-do-i-write-an-hoa-appeal-letter,faq,How Do I Write an HOA Fine Appeal Letter? | FAQ | MyHOAAppeal,How do I write an effective HOA fine appeal letter?,"Write a clear HOA fine appeal letter with facts, rule citations, procedural defects, exhibits, and a specific request for relief.",1109,indexable,https://www.myhoaappeal.com/faq/how-do-i-write-an-hoa-appeal-letter,no noindex tag found,FaqResource + scripts/generate-faq-content.mjs,lib/content/faq/catalog.ts + faq.generated.ts,appeals-letters,Informational question,High — one-to-one pair with /guides/how-to-write-an-hoa-appeal-letter,High — same paragraph frames with the topic phrase inserted,Medium — direct answers state legal duties without a jurisdiction,MERGE
https://www.myhoaappeal.com/faq/what-sections-belong-in-an-hoa-appeal-letter,faq,What Sections Belong in an HOA Appeal Letter? | FAQ | MyHOAAppeal,What sections belong in an HOA appeal letter?,"Use a proven HOA appeal letter outline—caption, facts, defects, exhibits, and closing ask—without copying generic filler language.",1050,indexable,https://www.myhoaappeal.com/faq/what-sections-belong-in-an-hoa-appeal-letter,no noindex tag found,FaqResource + scripts/generate-faq-content.mjs,lib/content/faq/catalog.ts + faq.generated.ts,appeals-letters,Informational question,High — one-to-one pair with /guides/sample-hoa-appeal-letter-structure,High — same paragraph frames with the topic phrase inserted,Medium — direct answers state legal duties without a jurisdiction,MERGE
https://www.myhoaappeal.com/faq/what-happens-at-an-hoa-fine-hearing,faq,What Happens at an HOA Fine Hearing? | FAQ | MyHOAAppeal,What happens at an HOA fine hearing?,"Learn how HOA fine hearings typically run, who speaks, what evidence matters, and how to request a fair written decision.",1100,indexable,https://www.myhoaappeal.com/faq/what-happens-at-an-hoa-fine-hearing,no noindex tag found,FaqResource + scripts/generate-faq-content.mjs,lib/content/faq/catalog.ts + faq.generated.ts,appeals-letters,Informational question,High — one-to-one pair with /guides/hoa-hearing-what-to-expect,High — same paragraph frames with the topic phrase inserted,Medium — direct answers state legal duties without a jurisdiction,MERGE
https://www.myhoaappeal.com/faq/what-should-i-do-after-an-hoa-hearing,faq,What Should I Do After an HOA Fine Hearing? | FAQ | MyHOAAppeal,What should I do after an HOA fine hearing?,"Know what to do after an HOA fine hearing: confirm minutes, challenge inaccurate decisions, try ADR, or escalate carefully.",1035,indexable,https://www.myhoaappeal.com/faq/what-should-i-do-after-an-hoa-hearing,no noindex tag found,FaqResource + scripts/generate-faq-content.mjs,lib/content/faq/catalog.ts + faq.generated.ts,appeals-letters,Informational question,High — one-to-one pair with /guides/after-the-hoa-hearing-next-steps,High — same paragraph frames with the topic phrase inserted,Medium — direct answers state legal duties without a jurisdiction,MERGE
https://www.myhoaappeal.com/faq/can-i-take-an-hoa-fine-to-court,faq,Can I Take an HOA Fine Dispute to Court? | FAQ | MyHOAAppeal,Can I take an HOA fine dispute to court?,"Understand when court review of an HOA fine is realistic, what records judges expect, and how internal appeals affect litigation.",1073,indexable,https://www.myhoaappeal.com/faq/can-i-take-an-hoa-fine-to-court,no noindex tag found,FaqResource + scripts/generate-faq-content.mjs,lib/content/faq/catalog.ts + faq.generated.ts,appeals-letters,Informational question,High — one-to-one pair with /guides/appealing-an-hoa-fine-in-court,High — same paragraph frames with the topic phrase inserted,Medium — direct answers state legal duties without a jurisdiction,MERGE
https://www.myhoaappeal.com/faq/should-i-pay-an-hoa-fine-before-appealing,faq,Should I Pay an HOA Fine Before Appealing? | FAQ | MyHOAAppeal,Should I pay an HOA fine before appealing?,"Use a pre-payment checklist to verify notice, cure windows, fine schedules, and appeal rights before you pay an HOA penalty.",1096,indexable,https://www.myhoaappeal.com/faq/should-i-pay-an-hoa-fine-before-appealing,no noindex tag found,FaqResource + scripts/generate-faq-content.mjs,lib/content/faq/catalog.ts + faq.generated.ts,appeals-letters,Informational question,High — one-to-one pair with /guides/checklist-before-paying-an-hoa-fine,High — same paragraph frames with the topic phrase inserted,Medium — direct answers state legal duties without a jurisdiction,MERGE
https://www.myhoaappeal.com/faq/what-is-selective-enforcement-by-an-hoa,faq,What Is Selective Enforcement by an HOA? | FAQ | MyHOAAppeal,What is selective enforcement by an HOA?,"Prove selective HOA enforcement with neighbor comparisons, records requests, and a calm written narrative boards cannot ignore.",994,indexable,https://www.myhoaappeal.com/faq/what-is-selective-enforcement-by-an-hoa,no noindex tag found,FaqResource + scripts/generate-faq-content.mjs,lib/content/faq/catalog.ts + faq.generated.ts,evidence-enforcement,Informational question,High — one-to-one pair with /guides/selective-enforcement-hoa-fines,High — same paragraph frames with the topic phrase inserted,Medium — direct answers state legal duties without a jurisdiction,MERGE
https://www.myhoaappeal.com/faq/how-should-i-photograph-hoa-violations,faq,How Should I Photograph HOA Violations for an Appeal? | FAQ | MyHOAAppeal,How should I photograph alleged HOA violations for an appeal?,"Capture HOA appeal photos that show dates, landmarks, and lot identity so volunteer boards and later reviewers trust your file.",1012,indexable,https://www.myhoaappeal.com/faq/how-should-i-photograph-hoa-violations,no noindex tag found,FaqResource + scripts/generate-faq-content.mjs,lib/content/faq/catalog.ts + faq.generated.ts,evidence-enforcement,Informational question,High — one-to-one pair with /guides/photographic-evidence-for-hoa-appeals,High — same paragraph frames with the topic phrase inserted,Medium — direct answers state legal duties without a jurisdiction,MERGE
https://www.myhoaappeal.com/faq/can-i-request-my-hoa-violation-file,faq,Can I Request My HOA Violation File? | Records FAQ | MyHOAAppeal,Can I request my HOA violation file and related records?,"Request HOA violation photos, fine schedules, and meeting minutes using your documents and state association records rules.",1060,indexable,https://www.myhoaappeal.com/faq/can-i-request-my-hoa-violation-file,no noindex tag found,FaqResource + scripts/generate-faq-content.mjs,lib/content/faq/catalog.ts + faq.generated.ts,evidence-enforcement,Informational question,High — one-to-one pair with /guides/requesting-hoa-records-and-violation-files,High — same paragraph frames with the topic phrase inserted,Medium — direct answers state legal duties without a jurisdiction,MERGE
https://www.myhoaappeal.com/faq/how-do-i-compare-neighbor-hoa-enforcement,faq,How Do I Compare Neighbor HOA Enforcement? | FAQ | MyHOAAppeal,How do I compare neighbor enforcement records in an HOA dispute?,Build lawful neighbor comparison charts that show uneven HOA fine enforcement without harassment or privacy violations.,1044,indexable,https://www.myhoaappeal.com/faq/how-do-i-compare-neighbor-hoa-enforcement,no noindex tag found,FaqResource + scripts/generate-faq-content.mjs,lib/content/faq/catalog.ts + faq.generated.ts,evidence-enforcement,Informational question,High — one-to-one pair with /guides/comparing-neighbor-enforcement-records,High — same paragraph frames with the topic phrase inserted,Medium — direct answers state legal duties without a jurisdiction,MERGE
https://www.myhoaappeal.com/faq/how-do-i-prove-hoa-notice-was-defective,faq,How Do I Prove HOA Notice Was Defective? | FAQ | MyHOAAppeal,How do I prove HOA notice was defective?,"Create airtight notice proof for HOA fine appeals with certified mail, email archives, and calendar math that protects deadlines.",1050,indexable,https://www.myhoaappeal.com/faq/how-do-i-prove-hoa-notice-was-defective,no noindex tag found,FaqResource + scripts/generate-faq-content.mjs,lib/content/faq/catalog.ts + faq.generated.ts,evidence-enforcement,Informational question,High — one-to-one pair with /guides/certified-mail-and-notice-proof,High — same paragraph frames with the topic phrase inserted,Medium — direct answers state legal duties without a jurisdiction,MERGE
https://www.myhoaappeal.com/faq/how-do-i-organize-hoa-hearing-exhibits,faq,How Do I Organize Exhibits for an HOA Hearing? | FAQ | MyHOAAppeal,How do I organize exhibits for an HOA hearing?,"Organize numbered HOA hearing exhibits—photos, letters, schedules, and comparables—so directors can follow your case in minutes.",1045,indexable,https://www.myhoaappeal.com/faq/how-do-i-organize-hoa-hearing-exhibits,no noindex tag found,FaqResource + scripts/generate-faq-content.mjs,lib/content/faq/catalog.ts + faq.generated.ts,evidence-enforcement,Informational question,High — one-to-one pair with /guides/preparing-exhibits-for-hoa-hearings,High — same paragraph frames with the topic phrase inserted,Medium — direct answers state legal duties without a jurisdiction,MERGE
https://www.myhoaappeal.com/faq/what-is-retaliatory-hoa-enforcement,faq,What Is Retaliatory HOA Enforcement? | Owner FAQ | MyHOAAppeal,What is retaliatory enforcement by an HOA board?,"Recognize retaliatory HOA fine patterns after complaints or votes, and document timing that supports a fair-process challenge.",1024,indexable,https://www.myhoaappeal.com/faq/what-is-retaliatory-hoa-enforcement,no noindex tag found,FaqResource + scripts/generate-faq-content.mjs,lib/content/faq/catalog.ts + faq.generated.ts,evidence-enforcement,Informational question,High — one-to-one pair with /guides/retaliatory-enforcement-by-hoa-boards,High — same paragraph frames with the topic phrase inserted,Medium — direct answers state legal duties without a jurisdiction,MERGE
https://www.myhoaappeal.com/faq/can-my-hoa-charge-more-than-the-fine-schedule,faq,Can My HOA Charge More Than the Fine Schedule? | FAQ | MyHOAAppeal,Can my HOA charge more than the published fine schedule?,Learn how HOA fine schedules and statutory or document caps limit penalties—and what to do when boards invent amounts.,1060,indexable,https://www.myhoaappeal.com/faq/can-my-hoa-charge-more-than-the-fine-schedule,no noindex tag found,FaqResource + scripts/generate-faq-content.mjs,lib/content/faq/catalog.ts + faq.generated.ts,money-liens,Informational question,High — one-to-one pair with /guides/hoa-fine-schedules-and-caps,High — same paragraph frames with the topic phrase inserted,Medium — direct answers state legal duties without a jurisdiction,MERGE
https://www.myhoaappeal.com/faq/what-is-an-hoa-cure-period,faq,What Is an HOA Cure Period Before Fines? | FAQ | MyHOAAppeal,What is an HOA cure period before fines begin?,"Understand cure periods before HOA fines accrue, how mail dates work, and how to request extensions without waiving rights.",1106,indexable,https://www.myhoaappeal.com/faq/what-is-an-hoa-cure-period,no noindex tag found,FaqResource + scripts/generate-faq-content.mjs,lib/content/faq/catalog.ts + faq.generated.ts,money-liens,Informational question,High — one-to-one pair with /guides/cure-periods-before-hoa-fines,High — same paragraph frames with the topic phrase inserted,Medium — direct answers state legal duties without a jurisdiction,MERGE
https://www.myhoaappeal.com/faq/can-an-hoa-stack-daily-fines-indefinitely,faq,Can an HOA Stack Daily Fines Indefinitely? | FAQ | MyHOAAppeal,Can an HOA stack daily fines indefinitely?,"Challenge daily HOA fines and accruing penalties by verifying schedules, cure pauses during appeals, and notice defects.",1060,indexable,https://www.myhoaappeal.com/faq/can-an-hoa-stack-daily-fines-indefinitely,no noindex tag found,FaqResource + scripts/generate-faq-content.mjs,lib/content/faq/catalog.ts + faq.generated.ts,money-liens,Informational question,High — one-to-one pair with /guides/daily-fines-and-accruing-penalties,High — same paragraph frames with the topic phrase inserted,Medium — direct answers state legal duties without a jurisdiction,MERGE
https://www.myhoaappeal.com/faq/are-hoa-assessments-the-same-as-fines,faq,Are HOA Assessments the Same as Fines? | FAQ | MyHOAAppeal,Are HOA assessments the same as fines?,"Separate regular assessments from fines so you know which ledger charges support liens, voting rights, and appeal procedures.",1086,indexable,https://www.myhoaappeal.com/faq/are-hoa-assessments-the-same-as-fines,no noindex tag found,FaqResource + scripts/generate-faq-content.mjs,lib/content/faq/catalog.ts + faq.generated.ts,money-liens,Informational question,High — one-to-one pair with /guides/assessment-vs-fine-differences,High — same paragraph frames with the topic phrase inserted,Medium — direct answers state legal duties without a jurisdiction,MERGE
https://www.myhoaappeal.com/faq/how-should-i-respond-to-hoa-collection-letters,faq,How Should I Respond to HOA Collection Letters? | FAQ | MyHOAAppeal,How should I respond to HOA collection and demand letters?,"Respond to HOA collection and demand letters without waiving disputes—verify charges, ask for breakdowns, and protect appeal rights.",1060,indexable,https://www.myhoaappeal.com/faq/how-should-i-respond-to-hoa-collection-letters,no noindex tag found,FaqResource + scripts/generate-faq-content.mjs,lib/content/faq/catalog.ts + faq.generated.ts,money-liens,Informational question,High — one-to-one pair with /guides/hoa-collections-and-demand-letters,High — same paragraph frames with the topic phrase inserted,Medium — direct answers state legal duties without a jurisdiction,MERGE
https://www.myhoaappeal.com/faq/can-an-hoa-foreclose-over-unpaid-fines,faq,Can an HOA Foreclose Over Unpaid Fines? | Risk FAQ | MyHOAAppeal,Can an HOA foreclose over unpaid fines?,"Understand when unpaid HOA fines can feed lien and foreclosure pathways, and what owners should do before risk escalates.",1056,indexable,https://www.myhoaappeal.com/faq/can-an-hoa-foreclose-over-unpaid-fines,no noindex tag found,FaqResource + scripts/generate-faq-content.mjs,lib/content/faq/catalog.ts + faq.generated.ts,money-liens,Informational question,High — one-to-one pair with /guides/hoa-foreclosure-risks-from-unpaid-fines,High — same paragraph frames with the topic phrase inserted,Medium — direct answers state legal duties without a jurisdiction,MERGE
https://www.myhoaappeal.com/faq/can-an-hoa-suspend-amenities-over-a-disputed-fine,faq,Can an HOA Suspend Amenities Over a Disputed Fine? | FAQ | MyHOAAppeal,Can an HOA suspend amenities over a disputed fine?,Challenge HOA amenity bans and privilege suspensions tied to disputed fines when documents or statutes require fair process first.,1046,indexable,https://www.myhoaappeal.com/faq/can-an-hoa-suspend-amenities-over-a-disputed-fine,no noindex tag found,FaqResource + scripts/generate-faq-content.mjs,lib/content/faq/catalog.ts + faq.generated.ts,money-liens,Informational question,High — one-to-one pair with /guides/privilege-suspension-and-amenity-bans,High — same paragraph frames with the topic phrase inserted,Medium — direct answers state legal duties without a jurisdiction,MERGE
https://www.myhoaappeal.com/faq/what-due-process-rights-do-hoa-owners-have,faq,What Due Process Rights Do HOA Owners Have? | FAQ | MyHOAAppeal,What due process rights do HOA owners have?,"Map HOA due process rights—notice, opportunity to be heard, and reasoned decisions—using statutes and your governing documents.",1035,indexable,https://www.myhoaappeal.com/faq/what-due-process-rights-do-hoa-owners-have,no noindex tag found,FaqResource + scripts/generate-faq-content.mjs,lib/content/faq/catalog.ts + faq.generated.ts,rights-process,Informational question,High — one-to-one pair with /guides/hoa-due-process-rights,High — same paragraph frames with the topic phrase inserted,Medium — direct answers state legal duties without a jurisdiction,MERGE
https://www.myhoaappeal.com/faq/what-deadlines-matter-in-hoa-fine-disputes,faq,What Deadlines Matter Most in HOA Fine Disputes? | FAQ | MyHOAAppeal,What deadlines matter most in HOA fine disputes?,"Build an HOA fine timeline covering inspection, notice, cure, hearing, and appeal cutoffs so you never miss a protective deadline.",1060,indexable,https://www.myhoaappeal.com/faq/what-deadlines-matter-in-hoa-fine-disputes,no noindex tag found,FaqResource + scripts/generate-faq-content.mjs,lib/content/faq/catalog.ts + faq.generated.ts,rights-process,Informational question,High — one-to-one pair with /guides/hoa-fine-timelines-and-deadlines,High — same paragraph frames with the topic phrase inserted,Medium — direct answers state legal duties without a jurisdiction,MERGE
https://www.myhoaappeal.com/faq/how-do-i-read-hoa-statutes-and-ccrs,faq,How Do I Read HOA Statutes and CC&Rs? | Owner FAQ | MyHOAAppeal,How do I read HOA statutes and CC&Rs for a fine dispute?,"Read HOA statutes and CC&Rs like an advocate: find definitions, enforcement ladders, hearing clauses, and fine-schedule adoption rules.",1054,indexable,https://www.myhoaappeal.com/faq/how-do-i-read-hoa-statutes-and-ccrs,no noindex tag found,FaqResource + scripts/generate-faq-content.mjs,lib/content/faq/catalog.ts + faq.generated.ts,rights-process,Informational question,High — one-to-one pair with /guides/reading-hoa-statutes-and-ccrs,High — same paragraph frames with the topic phrase inserted,Medium — direct answers state legal duties without a jurisdiction,MERGE
https://www.myhoaappeal.com/faq/what-hoa-legal-terms-should-owners-know,faq,What HOA Legal Terms Should Owners Know? | Glossary FAQ | MyHOAAppeal,What HOA legal terms should owners know?,"Decode HOA legal terminology—CC&Rs, assessments, fine schedules, IDR, and more—so notices and appeal letters use precise language.",1037,indexable,https://www.myhoaappeal.com/faq/what-hoa-legal-terms-should-owners-know,no noindex tag found,FaqResource + scripts/generate-faq-content.mjs,lib/content/faq/catalog.ts + faq.generated.ts,rules-terminology,Informational question,High — one-to-one pair with /guides/hoa-legal-terminology-glossary,High — same paragraph frames with the topic phrase inserted,Medium — direct answers state legal duties without a jurisdiction,MERGE
https://www.myhoaappeal.com/faq/how-do-state-hoa-laws-affect-fine-appeals,faq,How Do State HOA Laws Affect Fine Appeals? | FAQ | MyHOAAppeal,How do state HOA laws affect fine appeals?,"Learn how state HOA and condominium acts interact with private CC&Rs, and where to look for hearing, notice, and records rights.",1074,indexable,https://www.myhoaappeal.com/faq/how-do-state-hoa-laws-affect-fine-appeals,no noindex tag found,FaqResource + scripts/generate-faq-content.mjs,lib/content/faq/catalog.ts + faq.generated.ts,rights-process,Informational question,High — one-to-one pair with /guides/state-hoa-law-basics-for-homeowners,High — same paragraph frames with the topic phrase inserted,Medium — direct answers state legal duties without a jurisdiction,MERGE
https://www.myhoaappeal.com/faq/do-condo-and-hoa-fine-rules-differ,faq,Do Condominium and HOA Fine Rules Differ? | FAQ | MyHOAAppeal,Do condominium and HOA fine rules differ?,Compare condominium and planned-community fine rules so you cite the right statute family when disputing penalties.,1063,indexable,https://www.myhoaappeal.com/faq/do-condo-and-hoa-fine-rules-differ,no noindex tag found,FaqResource + scripts/generate-faq-content.mjs,lib/content/faq/catalog.ts + faq.generated.ts,rights-process,Informational question,High — one-to-one pair with /guides/condominium-vs-hoa-fine-differences,High — same paragraph frames with the topic phrase inserted,Medium — direct answers state legal duties without a jurisdiction,MERGE
https://www.myhoaappeal.com/faq/is-there-a-time-limit-to-challenge-hoa-fines,faq,Is There a Time Limit to Challenge HOA Fines? | FAQ | MyHOAAppeal,Is there a time limit to challenge HOA fines?,"Explore how limitation periods, laches, and stale violations can affect HOA fine collection and owner defenses.",1085,indexable,https://www.myhoaappeal.com/faq/is-there-a-time-limit-to-challenge-hoa-fines,no noindex tag found,FaqResource + scripts/generate-faq-content.mjs,lib/content/faq/catalog.ts + faq.generated.ts,rights-process,Informational question,High — one-to-one pair with /guides/statute-of-limitations-for-hoa-fines,High — same paragraph frames with the topic phrase inserted,Medium — direct answers state legal duties without a jurisdiction,MERGE
https://www.myhoaappeal.com/faq/what-is-a-practical-hoa-homeowner-bill-of-rights,faq,What Is a Practical HOA Homeowner Bill of Rights? | FAQ | MyHOAAppeal,What is a practical homeowner bill of rights for HOA enforcement?,Use a practical homeowner bill of rights framework to evaluate whether HOA fine enforcement meets basic fairness standards.,1073,indexable,https://www.myhoaappeal.com/faq/what-is-a-practical-hoa-homeowner-bill-of-rights,no noindex tag found,FaqResource + scripts/generate-faq-content.mjs,lib/content/faq/catalog.ts + faq.generated.ts,rights-process,Informational question,High — one-to-one pair with /guides/homeowner-bill-of-rights-hoa-enforcement,High — same paragraph frames with the topic phrase inserted,Medium — direct answers state legal duties without a jurisdiction,MERGE
https://www.myhoaappeal.com/faq/do-hoa-board-minutes-matter-in-fine-disputes,faq,Do HOA Board Minutes Matter in Fine Disputes? | FAQ | MyHOAAppeal,Do HOA board meeting minutes matter in fine disputes?,Use HOA board meeting rules and accurate minutes to challenge fine votes taken without proper notice or recorded rationale.,1067,indexable,https://www.myhoaappeal.com/faq/do-hoa-board-minutes-matter-in-fine-disputes,no noindex tag found,FaqResource + scripts/generate-faq-content.mjs,lib/content/faq/catalog.ts + faq.generated.ts,rules-terminology,Informational question,High — one-to-one pair with /guides/hoa-board-meeting-rules-and-minutes,High — same paragraph frames with the topic phrase inserted,Medium — direct answers state legal duties without a jurisdiction,MERGE
https://www.myhoaappeal.com/faq/do-open-meeting-laws-apply-to-hoa-fine-votes,faq,Do Open Meeting Laws Apply to HOA Fine Votes? | FAQ | MyHOAAppeal,Do open meeting laws apply to HOA fine votes?,"Apply open-meeting and transparency norms to HOA fine decisions, executive sessions, and owner comment opportunities.",1079,indexable,https://www.myhoaappeal.com/faq/do-open-meeting-laws-apply-to-hoa-fine-votes,no noindex tag found,FaqResource + scripts/generate-faq-content.mjs,lib/content/faq/catalog.ts + faq.generated.ts,rules-terminology,Informational question,High — one-to-one pair with /guides/open-meeting-laws-and-hoa-transparency,High — same paragraph frames with the topic phrase inserted,Medium — direct answers state legal duties without a jurisdiction,MERGE
https://www.myhoaappeal.com/faq/what-if-an-hoa-board-member-has-a-conflict,faq,What If an HOA Board Member Has a Conflict? | FAQ | MyHOAAppeal,What if an HOA board member has a conflict of interest?,Identify HOA board conflicts that taint fine hearings and how to request recusal or a reconstituted decision panel.,1070,indexable,https://www.myhoaappeal.com/faq/what-if-an-hoa-board-member-has-a-conflict,no noindex tag found,FaqResource + scripts/generate-faq-content.mjs,lib/content/faq/catalog.ts + faq.generated.ts,rules-terminology,Informational question,High — one-to-one pair with /guides/conflict-of-interest-on-hoa-boards,High — same paragraph frames with the topic phrase inserted,Medium — direct answers state legal duties without a jurisdiction,MERGE
https://www.myhoaappeal.com/faq/can-a-management-company-decide-hoa-fines,faq,Can a Management Company Decide HOA Fines? | FAQ | MyHOAAppeal,Can a management company decide HOA fines on its own?,Separate manager recommendations from board votes when disputing HOA fines issued through a management company portal.,1036,indexable,https://www.myhoaappeal.com/faq/can-a-management-company-decide-hoa-fines,no noindex tag found,FaqResource + scripts/generate-faq-content.mjs,lib/content/faq/catalog.ts + faq.generated.ts,rules-terminology,Informational question,High — one-to-one pair with /guides/management-company-roles-in-hoa-fines,High — same paragraph frames with the topic phrase inserted,Medium — direct answers state legal duties without a jurisdiction,MERGE
https://www.myhoaappeal.com/faq/can-an-hoa-enforce-a-rule-that-was-never-amended,faq,Can an HOA Enforce an Unamended Rule? | FAQ | MyHOAAppeal,Can an HOA enforce a rule that was never properly amended?,Distinguish CC&R amendments from day-to-day rule enforcement so boards cannot invent standards after the fact to justify fines.,1046,indexable,https://www.myhoaappeal.com/faq/can-an-hoa-enforce-a-rule-that-was-never-amended,no noindex tag found,FaqResource + scripts/generate-faq-content.mjs,lib/content/faq/catalog.ts + faq.generated.ts,rules-terminology,Informational question,High — one-to-one pair with /guides/amending-ccrs-vs-enforcing-rules,High — same paragraph frames with the topic phrase inserted,Medium — direct answers state legal duties without a jurisdiction,MERGE
https://www.myhoaappeal.com/faq/how-do-i-challenge-an-arbitrary-hoa-fine,faq,How Do I Challenge an Arbitrary HOA Fine? | FAQ | MyHOAAppeal,How do I challenge an arbitrary HOA fine?,"Challenge arbitrary HOA fines rooted in vague standards, shifting aesthetics, or enforcement that ignores published schedules.",1035,indexable,https://www.myhoaappeal.com/faq/how-do-i-challenge-an-arbitrary-hoa-fine,no noindex tag found,FaqResource + scripts/generate-faq-content.mjs,lib/content/faq/catalog.ts + faq.generated.ts,evidence-enforcement,Informational question,High — one-to-one pair with /guides/challenging-arbitrary-hoa-fines,High — same paragraph frames with the topic phrase inserted,Medium — direct answers state legal duties without a jurisdiction,MERGE
https://www.myhoaappeal.com/faq/how-do-i-appeal-an-architectural-review-denial,faq,How Do I Appeal an Architectural Review Denial? | FAQ | MyHOAAppeal,How do I appeal an architectural review denial?,"Appeal HOA architectural review denials and related fines with plans, precedent approvals, and recorded design guidelines.",1032,indexable,https://www.myhoaappeal.com/faq/how-do-i-appeal-an-architectural-review-denial,no noindex tag found,FaqResource + scripts/generate-faq-content.mjs,lib/content/faq/catalog.ts + faq.generated.ts,appeals-letters,Informational question,High — one-to-one pair with /guides/architectural-review-denials-and-appeals,High — same paragraph frames with the topic phrase inserted,Medium — direct answers state legal duties without a jurisdiction,MERGE
https://www.myhoaappeal.com/faq/how-do-i-appeal-a-landscaping-hoa-fine,faq,How Do I Appeal a Landscaping HOA Fine? | FAQ | MyHOAAppeal,How do I appeal a landscaping or maintenance HOA fine?,"Appeal landscaping and maintenance HOA fines with cure photos, vendor delays, weather logs, and measurable standard arguments.",1054,indexable,https://www.myhoaappeal.com/faq/how-do-i-appeal-a-landscaping-hoa-fine,no noindex tag found,FaqResource + scripts/generate-faq-content.mjs,lib/content/faq/catalog.ts + faq.generated.ts,appeals-letters,Informational question,High — one-to-one pair with /guides/landscaping-and-maintenance-violation-appeals,High — same paragraph frames with the topic phrase inserted,Medium — direct answers state legal duties without a jurisdiction,MERGE
https://www.myhoaappeal.com/faq/how-do-i-dispute-a-parking-hoa-fine,faq,How Do I Dispute a Parking or Vehicle HOA Fine? | FAQ | MyHOAAppeal,How do I dispute a parking or vehicle HOA fine?,"Dispute parking and vehicle HOA fines using signage photos, guest rules, tow policies, and selective-enforcement comparisons.",1053,indexable,https://www.myhoaappeal.com/faq/how-do-i-dispute-a-parking-hoa-fine,no noindex tag found,FaqResource + scripts/generate-faq-content.mjs,lib/content/faq/catalog.ts + faq.generated.ts,appeals-letters,Informational question,High — one-to-one pair with /guides/parking-and-vehicle-hoa-fines,High — same paragraph frames with the topic phrase inserted,Medium — direct answers state legal duties without a jurisdiction,MERGE
https://www.myhoaappeal.com/faq/how-do-i-respond-to-noise-hoa-violations,faq,How Do I Respond to Noise or Nuisance HOA Violations? | FAQ | MyHOAAppeal,How do I respond to noise or nuisance HOA violations?,"Respond to noise and nuisance HOA violations with logs, quiet-hours rules, and proportionate cure plans instead of denials alone.",1075,indexable,https://www.myhoaappeal.com/faq/how-do-i-respond-to-noise-hoa-violations,no noindex tag found,FaqResource + scripts/generate-faq-content.mjs,lib/content/faq/catalog.ts + faq.generated.ts,appeals-letters,Informational question,High — one-to-one pair with /guides/noise-and-nuisance-hoa-violations,High — same paragraph frames with the topic phrase inserted,Medium — direct answers state legal duties without a jurisdiction,MERGE
https://www.myhoaappeal.com/faq/how-do-i-appeal-a-pet-related-hoa-fine,faq,How Do I Appeal a Pet-Related HOA Fine? | FAQ | MyHOAAppeal,How do I appeal a pet-related HOA fine?,"Appeal pet-related HOA fines by comparing rule text, service-animal issues, and uneven enforcement across the community.",1015,indexable,https://www.myhoaappeal.com/faq/how-do-i-appeal-a-pet-related-hoa-fine,no noindex tag found,FaqResource + scripts/generate-faq-content.mjs,lib/content/faq/catalog.ts + faq.generated.ts,appeals-letters,Informational question,High — one-to-one pair with /guides/pet-related-hoa-fines,High — same paragraph frames with the topic phrase inserted,Medium — direct answers state legal duties without a jurisdiction,MERGE
https://www.myhoaappeal.com/faq/can-an-hoa-fine-me-for-short-term-rentals,faq,Can an HOA Fine Me for Short-Term Rentals? | FAQ | MyHOAAppeal,Can an HOA fine me for short-term rentals?,"Navigate short-term rental HOA enforcement, fine notices, and appeals when city permits conflict with recorded covenants.",1025,indexable,https://www.myhoaappeal.com/faq/can-an-hoa-fine-me-for-short-term-rentals,no noindex tag found,FaqResource + scripts/generate-faq-content.mjs,lib/content/faq/catalog.ts + faq.generated.ts,appeals-letters,Informational question,High — one-to-one pair with /guides/short-term-rental-hoa-enforcement,High — same paragraph frames with the topic phrase inserted,Medium — direct answers state legal duties without a jurisdiction,MERGE
https://www.myhoaappeal.com/faq/how-should-i-handle-emergency-hoa-safety-fines,faq,How Should I Handle Emergency HOA Safety Fines? | FAQ | MyHOAAppeal,How should I handle emergency or safety HOA fines?,Handle emergency and safety HOA fines by curing hazards first while still preserving notice and hearing challenges on procedure.,1068,indexable,https://www.myhoaappeal.com/faq/how-should-i-handle-emergency-hoa-safety-fines,no noindex tag found,FaqResource + scripts/generate-faq-content.mjs,lib/content/faq/catalog.ts + faq.generated.ts,money-liens,Informational question,High — one-to-one pair with /guides/emergency-fines-and-safety-violations,High — same paragraph frames with the topic phrase inserted,Medium — direct answers state legal duties without a jurisdiction,MERGE
https://www.myhoaappeal.com/faq/can-weather-delay-an-hoa-cure-deadline,faq,Can Weather Delay an HOA Cure Deadline? | FAQ | MyHOAAppeal,Can weather delay an HOA cure deadline?,Document seasonal and weather-related cure delays so HOA boards grant extensions instead of stacking daily fines unfairly.,1037,indexable,https://www.myhoaappeal.com/faq/can-weather-delay-an-hoa-cure-deadline,no noindex tag found,FaqResource + scripts/generate-faq-content.mjs,lib/content/faq/catalog.ts + faq.generated.ts,evidence-enforcement,Informational question,High — one-to-one pair with /guides/seasonal-and-weather-related-cure-delays,High — same paragraph frames with the topic phrase inserted,Medium — direct answers state legal duties without a jurisdiction,MERGE
https://www.myhoaappeal.com/faq/how-do-insurance-claims-affect-hoa-fine-disputes,faq,How Do Insurance Claims Affect HOA Fine Disputes? | FAQ | MyHOAAppeal,How do insurance claims affect HOA fine disputes?,Coordinate insurance claim timelines with HOA fine cure deadlines so adjusters and boards see good-faith repair progress.,1068,indexable,https://www.myhoaappeal.com/faq/how-do-insurance-claims-affect-hoa-fine-disputes,no noindex tag found,FaqResource + scripts/generate-faq-content.mjs,lib/content/faq/catalog.ts + faq.generated.ts,money-liens,Informational question,High — one-to-one pair with /guides/insurance-claims-and-hoa-fine-disputes,High — same paragraph frames with the topic phrase inserted,Medium — direct answers state legal duties without a jurisdiction,MERGE
https://www.myhoaappeal.com/faq/when-does-hoa-mediation-make-sense,faq,When Does HOA Mediation Make Sense? | ADR FAQ | MyHOAAppeal,When does mediation make sense for an HOA fine dispute?,Use mediation and alternative dispute resolution for HOA fine conflicts when internal hearings stall or relationships are strained.,1048,indexable,https://www.myhoaappeal.com/faq/when-does-hoa-mediation-make-sense,no noindex tag found,FaqResource + scripts/generate-faq-content.mjs,lib/content/faq/catalog.ts + faq.generated.ts,appeals-letters,Informational question,High — one-to-one pair with /guides/mediation-and-adr-for-hoa-disputes,High — same paragraph frames with the topic phrase inserted,Medium — direct answers state legal duties without a jurisdiction,MERGE
https://www.myhoaappeal.com/faq/when-should-i-hire-an-hoa-attorney,faq,When Should I Hire an HOA Attorney? | FAQ | MyHOAAppeal,When should I hire an HOA attorney?,"Know when an HOA fine dispute needs a licensed attorney—lien threats, counsel present at hearings, foreclosure risk, or court filing.",1084,indexable,https://www.myhoaappeal.com/faq/when-should-i-hire-an-hoa-attorney,no noindex tag found,FaqResource + scripts/generate-faq-content.mjs,lib/content/faq/catalog.ts + faq.generated.ts,appeals-letters,Informational question,High — one-to-one pair with /guides/when-to-hire-an-hoa-attorney,High — same paragraph frames with the topic phrase inserted,Medium — direct answers state legal duties without a jurisdiction,MERGE
https://www.myhoaappeal.com/appeal-hoa-fine/alabama,state,Free Alabama HOA Fine Appeal Letter,Fight Unfair HOA Fines in Alabama,Generate a free letter to appeal your Alabama HOA fine. Educational association-law guidance for homeowners. No account required.,2386,indexable,https://www.myhoaappeal.com/appeal-hoa-fine/alabama,no noindex tag found,AppealLandingPage + StateLegalResource; expansions from scripts/build-expansion-content.mjs,lib/content/states/profiles.generated.ts + lib/seo/statePages.ts,Alabama,Mixed transactional (letter) and informational (state rules),High — same section order on all 50 URLs; map and /state-laws repeat the notice window,Medium — shared section shell; less expansion padding than other states,High — priority statute check found problems,REWRITE
https://www.myhoaappeal.com/appeal-hoa-fine/alaska,state,Free Alaska HOA Fine Appeal Letter,Fight Unfair HOA Fines in Alaska,Generate a free letter to appeal your Alaska HOA fine. Educational association-law guidance for homeowners. No account required.,2018,indexable,https://www.myhoaappeal.com/appeal-hoa-fine/alaska,no noindex tag found,AppealLandingPage + StateLegalResource; expansions from scripts/build-expansion-content.mjs,lib/content/states/profiles.generated.ts + lib/seo/statePages.ts,Alaska,Mixed transactional (letter) and informational (state rules),High — same section order on all 50 URLs; map and /state-laws repeat the notice window,High — slot-filled expansion paragraphs on top of a shared section shell,High — priority statute check found problems,REWRITE
https://www.myhoaappeal.com/appeal-hoa-fine/arizona,state,Free Arizona HOA Fine Appeal Letter,Fight Unfair HOA Fines in Arizona,Generate a free letter to appeal your Arizona HOA fine. Educational association-law guidance for homeowners. No account required.,2399,indexable,https://www.myhoaappeal.com/appeal-hoa-fine/arizona,no noindex tag found,AppealLandingPage + StateLegalResource; expansions from scripts/build-expansion-content.mjs,lib/content/states/profiles.generated.ts + lib/seo/statePages.ts,Arizona,Mixed transactional (letter) and informational (state rules),High — same section order on all 50 URLs; map and /state-laws repeat the notice window,High — slot-filled expansion paragraphs on top of a shared section shell,High — priority statute check found problems,REWRITE
https://www.myhoaappeal.com/appeal-hoa-fine/arkansas,state,Free Arkansas HOA Fine Appeal Letter,Fight Unfair HOA Fines in Arkansas,Generate a free letter to appeal your Arkansas HOA fine. Educational association-law guidance for homeowners. No account required.,2258,indexable,https://www.myhoaappeal.com/appeal-hoa-fine/arkansas,no noindex tag found,AppealLandingPage + StateLegalResource; expansions from scripts/build-expansion-content.mjs,lib/content/states/profiles.generated.ts + lib/seo/statePages.ts,Arkansas,Mixed transactional (letter) and informational (state rules),High — same section order on all 50 URLs; map and /state-laws repeat the notice window,High — slot-filled expansion paragraphs on top of a shared section shell,Medium — statewide rules not re-verified,REWRITE
https://www.myhoaappeal.com/appeal-hoa-fine/california,state,Free California HOA Fine Appeal Letter,Fight Unfair HOA Fines in California,Generate a free letter to appeal your California HOA fine. Educational association-law guidance for homeowners. No account required.,2362,indexable,https://www.myhoaappeal.com/appeal-hoa-fine/california,no noindex tag found,AppealLandingPage + StateLegalResource; expansions from scripts/build-expansion-content.mjs,lib/content/states/profiles.generated.ts + lib/seo/statePages.ts,California,Mixed transactional (letter) and informational (state rules),High — same section order on all 50 URLs; map and /state-laws repeat the notice window,High — slot-filled expansion paragraphs on top of a shared section shell,High — priority statute check found problems,REWRITE
https://www.myhoaappeal.com/appeal-hoa-fine/colorado,state,Free Colorado HOA Fine Appeal Letter,Fight Unfair HOA Fines in Colorado,Generate a free letter to appeal your Colorado HOA fine. Educational association-law guidance for homeowners. No account required.,2110,indexable,https://www.myhoaappeal.com/appeal-hoa-fine/colorado,no noindex tag found,AppealLandingPage + StateLegalResource; expansions from scripts/build-expansion-content.mjs,lib/content/states/profiles.generated.ts + lib/seo/statePages.ts,Colorado,Mixed transactional (letter) and informational (state rules),High — same section order on all 50 URLs; map and /state-laws repeat the notice window,High — slot-filled expansion paragraphs on top of a shared section shell,High — priority statute check found problems,REWRITE
https://www.myhoaappeal.com/appeal-hoa-fine/connecticut,state,Free Connecticut HOA Fine Appeal Letter,Fight Unfair HOA Fines in Connecticut,Generate a free letter to appeal your Connecticut HOA fine. Educational association-law guidance for homeowners. No account required.,2362,indexable,https://www.myhoaappeal.com/appeal-hoa-fine/connecticut,no noindex tag found,AppealLandingPage + StateLegalResource; expansions from scripts/build-expansion-content.mjs,lib/content/states/profiles.generated.ts + lib/seo/statePages.ts,Connecticut,Mixed transactional (letter) and informational (state rules),High — same section order on all 50 URLs; map and /state-laws repeat the notice window,High — slot-filled expansion paragraphs on top of a shared section shell,Medium — statewide rules not re-verified,REWRITE
https://www.myhoaappeal.com/appeal-hoa-fine/delaware,state,Free Delaware HOA Fine Appeal Letter,Fight Unfair HOA Fines in Delaware,Generate a free letter to appeal your Delaware HOA fine. Educational association-law guidance for homeowners. No account required.,2292,indexable,https://www.myhoaappeal.com/appeal-hoa-fine/delaware,no noindex tag found,AppealLandingPage + StateLegalResource; expansions from scripts/build-expansion-content.mjs,lib/content/states/profiles.generated.ts + lib/seo/statePages.ts,Delaware,Mixed transactional (letter) and informational (state rules),High — same section order on all 50 URLs; map and /state-laws repeat the notice window,High — slot-filled expansion paragraphs on top of a shared section shell,Medium — statewide rules not re-verified,REWRITE
https://www.myhoaappeal.com/appeal-hoa-fine/florida,state,Free Florida HOA Fine Appeal Letter,Fight Unfair HOA Fines in Florida,Generate a free letter to appeal your Florida HOA fine. Educational guidance informed by Chapter 720. No account required.,2335,indexable,https://www.myhoaappeal.com/appeal-hoa-fine/florida,no noindex tag found,AppealLandingPage + StateLegalResource; expansions from scripts/build-expansion-content.mjs,lib/content/states/profiles.generated.ts + lib/seo/statePages.ts,Florida,Mixed transactional (letter) and informational (state rules),High — same section order on all 50 URLs; map and /state-laws repeat the notice window,High — slot-filled expansion paragraphs on top of a shared section shell,High — priority statute check found problems,REWRITE
https://www.myhoaappeal.com/appeal-hoa-fine/georgia,state,Free Georgia HOA Fine Appeal Letter,Fight Unfair HOA Fines in Georgia,Generate a free letter to appeal your Georgia HOA fine. Educational association-law guidance for homeowners. No account required.,2349,indexable,https://www.myhoaappeal.com/appeal-hoa-fine/georgia,no noindex tag found,AppealLandingPage + StateLegalResource; expansions from scripts/build-expansion-content.mjs,lib/content/states/profiles.generated.ts + lib/seo/statePages.ts,Georgia,Mixed transactional (letter) and informational (state rules),High — same section order on all 50 URLs; map and /state-laws repeat the notice window,High — slot-filled expansion paragraphs on top of a shared section shell,High — statewide rules not re-verified,REWRITE
https://www.myhoaappeal.com/appeal-hoa-fine/hawaii,state,Free Hawaii HOA Fine Appeal Letter,Fight Unfair HOA Fines in Hawaii,Generate a free letter to appeal your Hawaii HOA fine. Educational association-law guidance for homeowners. No account required.,2353,indexable,https://www.myhoaappeal.com/appeal-hoa-fine/hawaii,no noindex tag found,AppealLandingPage + StateLegalResource; expansions from scripts/build-expansion-content.mjs,lib/content/states/profiles.generated.ts + lib/seo/statePages.ts,Hawaii,Mixed transactional (letter) and informational (state rules),High — same section order on all 50 URLs; map and /state-laws repeat the notice window,High — slot-filled expansion paragraphs on top of a shared section shell,Medium — statewide rules not re-verified,REWRITE
https://www.myhoaappeal.com/appeal-hoa-fine/idaho,state,Free Idaho HOA Fine Appeal Letter,Fight Unfair HOA Fines in Idaho,Generate a free letter to appeal your Idaho HOA fine. Educational association-law guidance for homeowners. No account required.,2288,indexable,https://www.myhoaappeal.com/appeal-hoa-fine/idaho,no noindex tag found,AppealLandingPage + StateLegalResource; expansions from scripts/build-expansion-content.mjs,lib/content/states/profiles.generated.ts + lib/seo/statePages.ts,Idaho,Mixed transactional (letter) and informational (state rules),High — same section order on all 50 URLs; map and /state-laws repeat the notice window,High — slot-filled expansion paragraphs on top of a shared section shell,Medium — statewide rules not re-verified,REWRITE
https://www.myhoaappeal.com/appeal-hoa-fine/illinois,state,Free Illinois HOA Fine Appeal Letter,Fight Unfair HOA Fines in Illinois,Generate a free letter to appeal your Illinois HOA fine. Educational association-law guidance for homeowners. No account required.,2277,indexable,https://www.myhoaappeal.com/appeal-hoa-fine/illinois,no noindex tag found,AppealLandingPage + StateLegalResource; expansions from scripts/build-expansion-content.mjs,lib/content/states/profiles.generated.ts + lib/seo/statePages.ts,Illinois,Mixed transactional (letter) and informational (state rules),High — same section order on all 50 URLs; map and /state-laws repeat the notice window,High — slot-filled expansion paragraphs on top of a shared section shell,High — statewide rules not re-verified,REWRITE
https://www.myhoaappeal.com/appeal-hoa-fine/indiana,state,Free Indiana HOA Fine Appeal Letter,Fight Unfair HOA Fines in Indiana,Generate a free letter to appeal your Indiana HOA fine. Educational association-law guidance for homeowners. No account required.,2183,indexable,https://www.myhoaappeal.com/appeal-hoa-fine/indiana,no noindex tag found,AppealLandingPage + StateLegalResource; expansions from scripts/build-expansion-content.mjs,lib/content/states/profiles.generated.ts + lib/seo/statePages.ts,Indiana,Mixed transactional (letter) and informational (state rules),High — same section order on all 50 URLs; map and /state-laws repeat the notice window,High — slot-filled expansion paragraphs on top of a shared section shell,Medium — statewide rules not re-verified,REWRITE
https://www.myhoaappeal.com/appeal-hoa-fine/iowa,state,Free Iowa HOA Fine Appeal Letter,Fight Unfair HOA Fines in Iowa,Generate a free letter to appeal your Iowa HOA fine. Educational association-law guidance for homeowners. No account required.,2271,indexable,https://www.myhoaappeal.com/appeal-hoa-fine/iowa,no noindex tag found,AppealLandingPage + StateLegalResource; expansions from scripts/build-expansion-content.mjs,lib/content/states/profiles.generated.ts + lib/seo/statePages.ts,Iowa,Mixed transactional (letter) and informational (state rules),High — same section order on all 50 URLs; map and /state-laws repeat the notice window,High — slot-filled expansion paragraphs on top of a shared section shell,Medium — statewide rules not re-verified,REWRITE
https://www.myhoaappeal.com/appeal-hoa-fine/kansas,state,Free Kansas HOA Fine Appeal Letter,Fight Unfair HOA Fines in Kansas,Generate a free letter to appeal your Kansas HOA fine. Educational association-law guidance for homeowners. No account required.,2159,indexable,https://www.myhoaappeal.com/appeal-hoa-fine/kansas,no noindex tag found,AppealLandingPage + StateLegalResource; expansions from scripts/build-expansion-content.mjs,lib/content/states/profiles.generated.ts + lib/seo/statePages.ts,Kansas,Mixed transactional (letter) and informational (state rules),High — same section order on all 50 URLs; map and /state-laws repeat the notice window,High — slot-filled expansion paragraphs on top of a shared section shell,Medium — statewide rules not re-verified,REWRITE
https://www.myhoaappeal.com/appeal-hoa-fine/kentucky,state,Free Kentucky HOA Fine Appeal Letter,Fight Unfair HOA Fines in Kentucky,Generate a free letter to appeal your Kentucky HOA fine. Educational association-law guidance for homeowners. No account required.,2121,indexable,https://www.myhoaappeal.com/appeal-hoa-fine/kentucky,no noindex tag found,AppealLandingPage + StateLegalResource; expansions from scripts/build-expansion-content.mjs,lib/content/states/profiles.generated.ts + lib/seo/statePages.ts,Kentucky,Mixed transactional (letter) and informational (state rules),High — same section order on all 50 URLs; map and /state-laws repeat the notice window,High — slot-filled expansion paragraphs on top of a shared section shell,Medium — statewide rules not re-verified,REWRITE
https://www.myhoaappeal.com/appeal-hoa-fine/louisiana,state,Free Louisiana HOA Fine Appeal Letter,Fight Unfair HOA Fines in Louisiana,Generate a free letter to appeal your Louisiana HOA fine. Educational association-law guidance for homeowners. No account required.,2103,indexable,https://www.myhoaappeal.com/appeal-hoa-fine/louisiana,no noindex tag found,AppealLandingPage + StateLegalResource; expansions from scripts/build-expansion-content.mjs,lib/content/states/profiles.generated.ts + lib/seo/statePages.ts,Louisiana,Mixed transactional (letter) and informational (state rules),High — same section order on all 50 URLs; map and /state-laws repeat the notice window,High — slot-filled expansion paragraphs on top of a shared section shell,Medium — statewide rules not re-verified,REWRITE
https://www.myhoaappeal.com/appeal-hoa-fine/maine,state,Free Maine HOA Fine Appeal Letter,Fight Unfair HOA Fines in Maine,Generate a free letter to appeal your Maine HOA fine. Educational association-law guidance for homeowners. No account required.,2114,indexable,https://www.myhoaappeal.com/appeal-hoa-fine/maine,no noindex tag found,AppealLandingPage + StateLegalResource; expansions from scripts/build-expansion-content.mjs,lib/content/states/profiles.generated.ts + lib/seo/statePages.ts,Maine,Mixed transactional (letter) and informational (state rules),High — same section order on all 50 URLs; map and /state-laws repeat the notice window,High — slot-filled expansion paragraphs on top of a shared section shell,Medium — statewide rules not re-verified,REWRITE
https://www.myhoaappeal.com/appeal-hoa-fine/maryland,state,Free Maryland HOA Fine Appeal Letter,Fight Unfair HOA Fines in Maryland,Generate a free letter to appeal your Maryland HOA fine. Educational association-law guidance for homeowners. No account required.,2091,indexable,https://www.myhoaappeal.com/appeal-hoa-fine/maryland,no noindex tag found,AppealLandingPage + StateLegalResource; expansions from scripts/build-expansion-content.mjs,lib/content/states/profiles.generated.ts + lib/seo/statePages.ts,Maryland,Mixed transactional (letter) and informational (state rules),High — same section order on all 50 URLs; map and /state-laws repeat the notice window,High — slot-filled expansion paragraphs on top of a shared section shell,High — statewide rules not re-verified,REWRITE
https://www.myhoaappeal.com/appeal-hoa-fine/massachusetts,state,Free Massachusetts HOA Fine Appeal Letter,Fight Unfair HOA Fines in Massachusetts,Generate a free letter to appeal your Massachusetts HOA fine. Educational association-law guidance for homeowners. No account required.,2042,indexable,https://www.myhoaappeal.com/appeal-hoa-fine/massachusetts,no noindex tag found,AppealLandingPage + StateLegalResource; expansions from scripts/build-expansion-content.mjs,lib/content/states/profiles.generated.ts + lib/seo/statePages.ts,Massachusetts,Mixed transactional (letter) and informational (state rules),High — same section order on all 50 URLs; map and /state-laws repeat the notice window,High — slot-filled expansion paragraphs on top of a shared section shell,Medium — statewide rules not re-verified,REWRITE
https://www.myhoaappeal.com/appeal-hoa-fine/michigan,state,Free Michigan HOA Fine Appeal Letter,Fight Unfair HOA Fines in Michigan,Generate a free letter to appeal your Michigan HOA fine. Educational association-law guidance for homeowners. No account required.,2010,indexable,https://www.myhoaappeal.com/appeal-hoa-fine/michigan,no noindex tag found,AppealLandingPage + StateLegalResource; expansions from scripts/build-expansion-content.mjs,lib/content/states/profiles.generated.ts + lib/seo/statePages.ts,Michigan,Mixed transactional (letter) and informational (state rules),High — same section order on all 50 URLs; map and /state-laws repeat the notice window,High — slot-filled expansion paragraphs on top of a shared section shell,High — statewide rules not re-verified,REWRITE
https://www.myhoaappeal.com/appeal-hoa-fine/minnesota,state,Free Minnesota HOA Fine Appeal Letter,Fight Unfair HOA Fines in Minnesota,Generate a free letter to appeal your Minnesota HOA fine. Educational association-law guidance for homeowners. No account required.,1991,indexable,https://www.myhoaappeal.com/appeal-hoa-fine/minnesota,no noindex tag found,AppealLandingPage + StateLegalResource; expansions from scripts/build-expansion-content.mjs,lib/content/states/profiles.generated.ts + lib/seo/statePages.ts,Minnesota,Mixed transactional (letter) and informational (state rules),High — same section order on all 50 URLs; map and /state-laws repeat the notice window,High — slot-filled expansion paragraphs on top of a shared section shell,Medium — statewide rules not re-verified,REWRITE
https://www.myhoaappeal.com/appeal-hoa-fine/mississippi,state,Free Mississippi HOA Fine Appeal Letter,Fight Unfair HOA Fines in Mississippi,Generate a free letter to appeal your Mississippi HOA fine. Educational association-law guidance for homeowners. No account required.,1977,indexable,https://www.myhoaappeal.com/appeal-hoa-fine/mississippi,no noindex tag found,AppealLandingPage + StateLegalResource; expansions from scripts/build-expansion-content.mjs,lib/content/states/profiles.generated.ts + lib/seo/statePages.ts,Mississippi,Mixed transactional (letter) and informational (state rules),High — same section order on all 50 URLs; map and /state-laws repeat the notice window,High — slot-filled expansion paragraphs on top of a shared section shell,Medium — statewide rules not re-verified,REWRITE
https://www.myhoaappeal.com/appeal-hoa-fine/missouri,state,Free Missouri HOA Fine Appeal Letter,Fight Unfair HOA Fines in Missouri,Generate a free letter to appeal your Missouri HOA fine. Educational association-law guidance for homeowners. No account required.,1987,indexable,https://www.myhoaappeal.com/appeal-hoa-fine/missouri,no noindex tag found,AppealLandingPage + StateLegalResource; expansions from scripts/build-expansion-content.mjs,lib/content/states/profiles.generated.ts + lib/seo/statePages.ts,Missouri,Mixed transactional (letter) and informational (state rules),High — same section order on all 50 URLs; map and /state-laws repeat the notice window,High — slot-filled expansion paragraphs on top of a shared section shell,Medium — statewide rules not re-verified,REWRITE
https://www.myhoaappeal.com/appeal-hoa-fine/montana,state,Free Montana HOA Fine Appeal Letter,Fight Unfair HOA Fines in Montana,Generate a free letter to appeal your Montana HOA fine. Educational association-law guidance for homeowners. No account required.,2217,indexable,https://www.myhoaappeal.com/appeal-hoa-fine/montana,no noindex tag found,AppealLandingPage + StateLegalResource; expansions from scripts/build-expansion-content.mjs,lib/content/states/profiles.generated.ts + lib/seo/statePages.ts,Montana,Mixed transactional (letter) and informational (state rules),High — same section order on all 50 URLs; map and /state-laws repeat the notice window,High — slot-filled expansion paragraphs on top of a shared section shell,Medium — statewide rules not re-verified,REWRITE
https://www.myhoaappeal.com/appeal-hoa-fine/nebraska,state,Free Nebraska HOA Fine Appeal Letter,Fight Unfair HOA Fines in Nebraska,Generate a free letter to appeal your Nebraska HOA fine. Educational association-law guidance for homeowners. No account required.,2255,indexable,https://www.myhoaappeal.com/appeal-hoa-fine/nebraska,no noindex tag found,AppealLandingPage + StateLegalResource; expansions from scripts/build-expansion-content.mjs,lib/content/states/profiles.generated.ts + lib/seo/statePages.ts,Nebraska,Mixed transactional (letter) and informational (state rules),High — same section order on all 50 URLs; map and /state-laws repeat the notice window,High — slot-filled expansion paragraphs on top of a shared section shell,Medium — statewide rules not re-verified,REWRITE
https://www.myhoaappeal.com/appeal-hoa-fine/nevada,state,Free Nevada HOA Fine Appeal Letter,Fight Unfair HOA Fines in Nevada,Generate a free letter to appeal your Nevada HOA fine. Educational association-law guidance for homeowners. No account required.,2305,indexable,https://www.myhoaappeal.com/appeal-hoa-fine/nevada,no noindex tag found,AppealLandingPage + StateLegalResource; expansions from scripts/build-expansion-content.mjs,lib/content/states/profiles.generated.ts + lib/seo/statePages.ts,Nevada,Mixed transactional (letter) and informational (state rules),High — same section order on all 50 URLs; map and /state-laws repeat the notice window,High — slot-filled expansion paragraphs on top of a shared section shell,High — statewide rules not re-verified,REWRITE
https://www.myhoaappeal.com/appeal-hoa-fine/new-hampshire,state,Free New Hampshire HOA Fine Appeal Letter,Fight Unfair HOA Fines in New Hampshire,Generate a free letter to appeal your New Hampshire HOA fine. Educational association-law guidance for homeowners. No account required.,2207,indexable,https://www.myhoaappeal.com/appeal-hoa-fine/new-hampshire,no noindex tag found,AppealLandingPage + StateLegalResource; expansions from scripts/build-expansion-content.mjs,lib/content/states/profiles.generated.ts + lib/seo/statePages.ts,New Hampshire,Mixed transactional (letter) and informational (state rules),High — same section order on all 50 URLs; map and /state-laws repeat the notice window,High — slot-filled expansion paragraphs on top of a shared section shell,Medium — statewide rules not re-verified,REWRITE
https://www.myhoaappeal.com/appeal-hoa-fine/new-jersey,state,Free New Jersey HOA Fine Appeal Letter,Fight Unfair HOA Fines in New Jersey,Generate a free letter to appeal your New Jersey HOA fine. Educational association-law guidance for homeowners. No account required.,2257,indexable,https://www.myhoaappeal.com/appeal-hoa-fine/new-jersey,no noindex tag found,AppealLandingPage + StateLegalResource; expansions from scripts/build-expansion-content.mjs,lib/content/states/profiles.generated.ts + lib/seo/statePages.ts,New Jersey,Mixed transactional (letter) and informational (state rules),High — same section order on all 50 URLs; map and /state-laws repeat the notice window,High — slot-filled expansion paragraphs on top of a shared section shell,High — statewide rules not re-verified,REWRITE
https://www.myhoaappeal.com/appeal-hoa-fine/new-mexico,state,Free New Mexico HOA Fine Appeal Letter,Fight Unfair HOA Fines in New Mexico,Generate a free letter to appeal your New Mexico HOA fine. Educational association-law guidance for homeowners. No account required.,2174,indexable,https://www.myhoaappeal.com/appeal-hoa-fine/new-mexico,no noindex tag found,AppealLandingPage + StateLegalResource; expansions from scripts/build-expansion-content.mjs,lib/content/states/profiles.generated.ts + lib/seo/statePages.ts,New Mexico,Mixed transactional (letter) and informational (state rules),High — same section order on all 50 URLs; map and /state-laws repeat the notice window,High — slot-filled expansion paragraphs on top of a shared section shell,Medium — statewide rules not re-verified,REWRITE
https://www.myhoaappeal.com/appeal-hoa-fine/new-york,state,Free New York HOA Fine Appeal Letter,Fight Unfair HOA Fines in New York,Generate a free letter to appeal your New York HOA fine. Educational association-law guidance for homeowners. No account required.,2340,indexable,https://www.myhoaappeal.com/appeal-hoa-fine/new-york,no noindex tag found,AppealLandingPage + StateLegalResource; expansions from scripts/build-expansion-content.mjs,lib/content/states/profiles.generated.ts + lib/seo/statePages.ts,New York,Mixed transactional (letter) and informational (state rules),High — same section order on all 50 URLs; map and /state-laws repeat the notice window,High — slot-filled expansion paragraphs on top of a shared section shell,High — priority statute check found problems,REWRITE
https://www.myhoaappeal.com/appeal-hoa-fine/north-carolina,state,Free North Carolina HOA Fine Appeal Letter,Fight Unfair HOA Fines in North Carolina,Generate a free letter to appeal your North Carolina HOA fine. Educational association-law guidance for homeowners. No account required.,2168,indexable,https://www.myhoaappeal.com/appeal-hoa-fine/north-carolina,no noindex tag found,AppealLandingPage + StateLegalResource; expansions from scripts/build-expansion-content.mjs,lib/content/states/profiles.generated.ts + lib/seo/statePages.ts,North Carolina,Mixed transactional (letter) and informational (state rules),High — same section order on all 50 URLs; map and /state-laws repeat the notice window,High — slot-filled expansion paragraphs on top of a shared section shell,High — statewide rules not re-verified,REWRITE
https://www.myhoaappeal.com/appeal-hoa-fine/north-dakota,state,Free North Dakota HOA Fine Appeal Letter,Fight Unfair HOA Fines in North Dakota,Generate a free letter to appeal your North Dakota HOA fine. Educational association-law guidance for homeowners. No account required.,2111,indexable,https://www.myhoaappeal.com/appeal-hoa-fine/north-dakota,no noindex tag found,AppealLandingPage + StateLegalResource; expansions from scripts/build-expansion-content.mjs,lib/content/states/profiles.generated.ts + lib/seo/statePages.ts,North Dakota,Mixed transactional (letter) and informational (state rules),High — same section order on all 50 URLs; map and /state-laws repeat the notice window,High — slot-filled expansion paragraphs on top of a shared section shell,Medium — statewide rules not re-verified,REWRITE
https://www.myhoaappeal.com/appeal-hoa-fine/ohio,state,Free Ohio HOA Fine Appeal Letter,Fight Unfair HOA Fines in Ohio,Generate a free letter to appeal your Ohio HOA fine. Educational association-law guidance for homeowners. No account required.,2151,indexable,https://www.myhoaappeal.com/appeal-hoa-fine/ohio,no noindex tag found,AppealLandingPage + StateLegalResource; expansions from scripts/build-expansion-content.mjs,lib/content/states/profiles.generated.ts + lib/seo/statePages.ts,Ohio,Mixed transactional (letter) and informational (state rules),High — same section order on all 50 URLs; map and /state-laws repeat the notice window,High — slot-filled expansion paragraphs on top of a shared section shell,High — statewide rules not re-verified,REWRITE
https://www.myhoaappeal.com/appeal-hoa-fine/oklahoma,state,Free Oklahoma HOA Fine Appeal Letter,Fight Unfair HOA Fines in Oklahoma,Generate a free letter to appeal your Oklahoma HOA fine. Educational association-law guidance for homeowners. No account required.,2056,indexable,https://www.myhoaappeal.com/appeal-hoa-fine/oklahoma,no noindex tag found,AppealLandingPage + StateLegalResource; expansions from scripts/build-expansion-content.mjs,lib/content/states/profiles.generated.ts + lib/seo/statePages.ts,Oklahoma,Mixed transactional (letter) and informational (state rules),High — same section order on all 50 URLs; map and /state-laws repeat the notice window,High — slot-filled expansion paragraphs on top of a shared section shell,Medium — statewide rules not re-verified,REWRITE
https://www.myhoaappeal.com/appeal-hoa-fine/oregon,state,Free Oregon HOA Fine Appeal Letter,Fight Unfair HOA Fines in Oregon,Generate a free letter to appeal your Oregon HOA fine. Educational association-law guidance for homeowners. No account required.,2086,indexable,https://www.myhoaappeal.com/appeal-hoa-fine/oregon,no noindex tag found,AppealLandingPage + StateLegalResource; expansions from scripts/build-expansion-content.mjs,lib/content/states/profiles.generated.ts + lib/seo/statePages.ts,Oregon,Mixed transactional (letter) and informational (state rules),High — same section order on all 50 URLs; map and /state-laws repeat the notice window,High — slot-filled expansion paragraphs on top of a shared section shell,High — statewide rules not re-verified,REWRITE
https://www.myhoaappeal.com/appeal-hoa-fine/pennsylvania,state,Free Pennsylvania HOA Fine Appeal Letter,Fight Unfair HOA Fines in Pennsylvania,Generate a free letter to appeal your Pennsylvania HOA fine. Educational association-law guidance for homeowners. No account required.,2121,indexable,https://www.myhoaappeal.com/appeal-hoa-fine/pennsylvania,no noindex tag found,AppealLandingPage + StateLegalResource; expansions from scripts/build-expansion-content.mjs,lib/content/states/profiles.generated.ts + lib/seo/statePages.ts,Pennsylvania,Mixed transactional (letter) and informational (state rules),High — same section order on all 50 URLs; map and /state-laws repeat the notice window,High — slot-filled expansion paragraphs on top of a shared section shell,High — statewide rules not re-verified,REWRITE
https://www.myhoaappeal.com/appeal-hoa-fine/rhode-island,state,Free Rhode Island HOA Fine Appeal Letter,Fight Unfair HOA Fines in Rhode Island,Generate a free letter to appeal your Rhode Island HOA fine. Educational association-law guidance for homeowners. No account required.,2228,indexable,https://www.myhoaappeal.com/appeal-hoa-fine/rhode-island,no noindex tag found,AppealLandingPage + StateLegalResource; expansions from scripts/build-expansion-content.mjs,lib/content/states/profiles.generated.ts + lib/seo/statePages.ts,Rhode Island,Mixed transactional (letter) and informational (state rules),High — same section order on all 50 URLs; map and /state-laws repeat the notice window,High — slot-filled expansion paragraphs on top of a shared section shell,Medium — statewide rules not re-verified,REWRITE
https://www.myhoaappeal.com/appeal-hoa-fine/south-carolina,state,Free South Carolina HOA Fine Appeal Letter,Fight Unfair HOA Fines in South Carolina,Generate a free letter to appeal your South Carolina HOA fine. Educational association-law guidance for homeowners. No account required.,2053,indexable,https://www.myhoaappeal.com/appeal-hoa-fine/south-carolina,no noindex tag found,AppealLandingPage + StateLegalResource; expansions from scripts/build-expansion-content.mjs,lib/content/states/profiles.generated.ts + lib/seo/statePages.ts,South Carolina,Mixed transactional (letter) and informational (state rules),High — same section order on all 50 URLs; map and /state-laws repeat the notice window,High — slot-filled expansion paragraphs on top of a shared section shell,Medium — statewide rules not re-verified,REWRITE
https://www.myhoaappeal.com/appeal-hoa-fine/south-dakota,state,Free South Dakota HOA Fine Appeal Letter,Fight Unfair HOA Fines in South Dakota,Generate a free letter to appeal your South Dakota HOA fine. Educational association-law guidance for homeowners. No account required.,2211,indexable,https://www.myhoaappeal.com/appeal-hoa-fine/south-dakota,no noindex tag found,AppealLandingPage + StateLegalResource; expansions from scripts/build-expansion-content.mjs,lib/content/states/profiles.generated.ts + lib/seo/statePages.ts,South Dakota,Mixed transactional (letter) and informational (state rules),High — same section order on all 50 URLs; map and /state-laws repeat the notice window,High — slot-filled expansion paragraphs on top of a shared section shell,Medium — statewide rules not re-verified,REWRITE
https://www.myhoaappeal.com/appeal-hoa-fine/tennessee,state,Free Tennessee HOA Fine Appeal Letter,Fight Unfair HOA Fines in Tennessee,Generate a free letter to appeal your Tennessee HOA fine. Educational association-law guidance for homeowners. No account required.,2153,indexable,https://www.myhoaappeal.com/appeal-hoa-fine/tennessee,no noindex tag found,AppealLandingPage + StateLegalResource; expansions from scripts/build-expansion-content.mjs,lib/content/states/profiles.generated.ts + lib/seo/statePages.ts,Tennessee,Mixed transactional (letter) and informational (state rules),High — same section order on all 50 URLs; map and /state-laws repeat the notice window,High — slot-filled expansion paragraphs on top of a shared section shell,High — statewide rules not re-verified,REWRITE
https://www.myhoaappeal.com/appeal-hoa-fine/texas,state,Free Texas HOA Fine Appeal Letter,Fight Unfair HOA Fines in Texas,Generate a free letter to appeal your Texas HOA fine. Educational guidance informed by Property Code Chapter 209. No account required.,2270,indexable,https://www.myhoaappeal.com/appeal-hoa-fine/texas,no noindex tag found,AppealLandingPage + StateLegalResource; expansions from scripts/build-expansion-content.mjs,lib/content/states/profiles.generated.ts + lib/seo/statePages.ts,Texas,Mixed transactional (letter) and informational (state rules),High — same section order on all 50 URLs; map and /state-laws repeat the notice window,High — slot-filled expansion paragraphs on top of a shared section shell,High — priority statute check found problems,REWRITE
https://www.myhoaappeal.com/appeal-hoa-fine/utah,state,Free Utah HOA Fine Appeal Letter,Fight Unfair HOA Fines in Utah,Generate a free letter to appeal your Utah HOA fine. Educational association-law guidance for homeowners. No account required.,1995,indexable,https://www.myhoaappeal.com/appeal-hoa-fine/utah,no noindex tag found,AppealLandingPage + StateLegalResource; expansions from scripts/build-expansion-content.mjs,lib/content/states/profiles.generated.ts + lib/seo/statePages.ts,Utah,Mixed transactional (letter) and informational (state rules),High — same section order on all 50 URLs; map and /state-laws repeat the notice window,High — slot-filled expansion paragraphs on top of a shared section shell,High — statewide rules not re-verified,REWRITE
https://www.myhoaappeal.com/appeal-hoa-fine/vermont,state,Free Vermont HOA Fine Appeal Letter,Fight Unfair HOA Fines in Vermont,Generate a free letter to appeal your Vermont HOA fine. Educational association-law guidance for homeowners. No account required.,2054,indexable,https://www.myhoaappeal.com/appeal-hoa-fine/vermont,no noindex tag found,AppealLandingPage + StateLegalResource; expansions from scripts/build-expansion-content.mjs,lib/content/states/profiles.generated.ts + lib/seo/statePages.ts,Vermont,Mixed transactional (letter) and informational (state rules),High — same section order on all 50 URLs; map and /state-laws repeat the notice window,High — slot-filled expansion paragraphs on top of a shared section shell,Medium — statewide rules not re-verified,REWRITE
https://www.myhoaappeal.com/appeal-hoa-fine/virginia,state,Free Virginia HOA Fine Appeal Letter,Fight Unfair HOA Fines in Virginia,Generate a free letter to appeal your Virginia HOA fine. Educational association-law guidance for homeowners. No account required.,2024,indexable,https://www.myhoaappeal.com/appeal-hoa-fine/virginia,no noindex tag found,AppealLandingPage + StateLegalResource; expansions from scripts/build-expansion-content.mjs,lib/content/states/profiles.generated.ts + lib/seo/statePages.ts,Virginia,Mixed transactional (letter) and informational (state rules),High — same section order on all 50 URLs; map and /state-laws repeat the notice window,High — slot-filled expansion paragraphs on top of a shared section shell,High — priority statute check found problems,REWRITE
https://www.myhoaappeal.com/appeal-hoa-fine/washington,state,Free Washington HOA Fine Appeal Letter,Fight Unfair HOA Fines in Washington,Generate a free letter to appeal your Washington HOA fine. Educational association-law guidance for homeowners. No account required.,1986,indexable,https://www.myhoaappeal.com/appeal-hoa-fine/washington,no noindex tag found,AppealLandingPage + StateLegalResource; expansions from scripts/build-expansion-content.mjs,lib/content/states/profiles.generated.ts + lib/seo/statePages.ts,Washington,Mixed transactional (letter) and informational (state rules),High — same section order on all 50 URLs; map and /state-laws repeat the notice window,High — slot-filled expansion paragraphs on top of a shared section shell,High — statewide rules not re-verified,REWRITE
https://www.myhoaappeal.com/appeal-hoa-fine/west-virginia,state,Free West Virginia HOA Fine Appeal Letter,Fight Unfair HOA Fines in West Virginia,Generate a free letter to appeal your West Virginia HOA fine. Educational association-law guidance for homeowners. No account required.,1941,indexable,https://www.myhoaappeal.com/appeal-hoa-fine/west-virginia,no noindex tag found,AppealLandingPage + StateLegalResource; expansions from scripts/build-expansion-content.mjs,lib/content/states/profiles.generated.ts + lib/seo/statePages.ts,West Virginia,Mixed transactional (letter) and informational (state rules),High — same section order on all 50 URLs; map and /state-laws repeat the notice window,High — slot-filled expansion paragraphs on top of a shared section shell,Medium — statewide rules not re-verified,REWRITE
https://www.myhoaappeal.com/appeal-hoa-fine/wisconsin,state,Free Wisconsin HOA Fine Appeal Letter,Fight Unfair HOA Fines in Wisconsin,Generate a free letter to appeal your Wisconsin HOA fine. Educational association-law guidance for homeowners. No account required.,2006,indexable,https://www.myhoaappeal.com/appeal-hoa-fine/wisconsin,no noindex tag found,AppealLandingPage + StateLegalResource; expansions from scripts/build-expansion-content.mjs,lib/content/states/profiles.generated.ts + lib/seo/statePages.ts,Wisconsin,Mixed transactional (letter) and informational (state rules),High — same section order on all 50 URLs; map and /state-laws repeat the notice window,High — slot-filled expansion paragraphs on top of a shared section shell,Medium — statewide rules not re-verified,REWRITE
https://www.myhoaappeal.com/appeal-hoa-fine/wyoming,state,Free Wyoming HOA Fine Appeal Letter,Fight Unfair HOA Fines in Wyoming,Generate a free letter to appeal your Wyoming HOA fine. Educational association-law guidance for homeowners. No account required.,1989,indexable,https://www.myhoaappeal.com/appeal-hoa-fine/wyoming,no noindex tag found,AppealLandingPage + StateLegalResource; expansions from scripts/build-expansion-content.mjs,lib/content/states/profiles.generated.ts + lib/seo/statePages.ts,Wyoming,Mixed transactional (letter) and informational (state rules),High — same section order on all 50 URLs; map and /state-laws repeat the notice window,High — slot-filled expansion paragraphs on top of a shared section shell,Medium — statewide rules not re-verified,REWRITE
https://www.myhoaappeal.com/success-stories/california-landscaping-fine-reduced,success-story,California HOA Fine Success Story | Landscaping Fine Reduced | MyHOAAppeal,California owner cut a landscaping fine after proving cure timing,"A California homeowner documented drought and vendor delays, then used a formal appeal packet to reduce recurring landscaping penalties.",364,indexable,https://www.myhoaappeal.com/success-stories/california-landscaping-fine-reduced,no noindex tag found,success story page,lib/content/success-stories/index.ts,CA,Commercial trust / proof,Medium — same source list and narrative shape on all six,High — written as real outcomes without a case record or composite label in the body,High — outcomes and timelines are not sourced,NOINDEX
https://www.myhoaappeal.com/success-stories/texas-notice-defect-led-to-dismissal,success-story,Texas HOA Fine Success Story | Notice Defect Dismissal | MyHOAAppeal,Texas hearing panel dismissed fines after notice defects were documented,A Texas homeowner cited Chapter 209 notice requirements and obtained a full dismissal of fines tied to an incomplete violation letter.,347,indexable,https://www.myhoaappeal.com/success-stories/texas-notice-defect-led-to-dismissal,no noindex tag found,success story page,lib/content/success-stories/index.ts,TX,Commercial trust / proof,Medium — same source list and narrative shape on all six,High — written as real outcomes without a case record or composite label in the body,High — outcomes and timelines are not sourced,NOINDEX
https://www.myhoaappeal.com/success-stories/florida-pet-fine-overturned,success-story,Florida HOA Fine Success Story | Pet Fine Overturned | MyHOAAppeal,Florida resident overturned a pet-related fine with record comparisons,A Florida owner used community records and hearing prep to show inconsistent pet-rule enforcement and reverse a disputed fine.,310,indexable,https://www.myhoaappeal.com/success-stories/florida-pet-fine-overturned,no noindex tag found,success story page,lib/content/success-stories/index.ts,FL,Commercial trust / proof,Medium — same source list and narrative shape on all six,High — written as real outcomes without a case record or composite label in the body,High — outcomes and timelines are not sourced,NOINDEX
https://www.myhoaappeal.com/success-stories/arizona-parking-penalty-reduced,success-story,Arizona HOA Fine Success Story | Parking Penalty Reduced | MyHOAAppeal,Arizona parking penalty reduced after signage and towing evidence,An Arizona homeowner challenged parking penalties by proving unclear signage and inconsistent guest-space enforcement.,301,indexable,https://www.myhoaappeal.com/success-stories/arizona-parking-penalty-reduced,no noindex tag found,success story page,lib/content/success-stories/index.ts,AZ,Commercial trust / proof,Medium — same source list and narrative shape on all six,High — written as real outcomes without a case record or composite label in the body,High — outcomes and timelines are not sourced,NOINDEX
https://www.myhoaappeal.com/success-stories/new-york-collections-paused,success-story,New York HOA Fine Success Story | Collections Paused | MyHOAAppeal,New York owner paused collections while disputing HOA fine balance,A New York homeowner disputed fee stacking and temporarily halted collection activity pending board review.,303,indexable,https://www.myhoaappeal.com/success-stories/new-york-collections-paused,no noindex tag found,success story page,lib/content/success-stories/index.ts,NY,Commercial trust / proof,Medium — same source list and narrative shape on all six,High — written as real outcomes without a case record or composite label in the body,High — outcomes and timelines are not sourced,NOINDEX
https://www.myhoaappeal.com/success-stories/north-carolina-architectural-appeal-win,success-story,North Carolina HOA Success Story | Architectural Appeal Win | MyHOAAppeal,North Carolina architectural fine reversed after plan history review,A North Carolina homeowner used old approvals and committee records to reverse an architectural fine.,303,indexable,https://www.myhoaappeal.com/success-stories/north-carolina-architectural-appeal-win,no noindex tag found,success story page,lib/content/success-stories/index.ts,NC,Commercial trust / proof,Medium — same source list and narrative shape on all six,High — written as real outcomes without a case record or composite label in the body,High — outcomes and timelines are not sourced,NOINDEX
https://www.myhoaappeal.com/samples/sample-hoa-lawn-landscaping-fine-appeal-letter,sample-letter,Sample HOA Lawn & Landscaping Fine Appeal Letter,Sample HOA Lawn & Landscaping Fine Appeal Letter,"Read a sample HOA lawn and landscaping fine appeal letter, then generate a statute-aware version for your state in minutes.",425,indexable,https://www.myhoaappeal.com/samples/sample-hoa-lawn-landscaping-fine-appeal-letter,no noindex tag found,sample letter page,lib/content/samples/catalog.ts,HOA lawn landscaping fine appeal letter,Informational sample,Medium — four letters share one skeleton,Medium — useful structure; sign-off names overlap editorial personas,Low if clearly labeled educational samples,REWRITE
https://www.myhoaappeal.com/samples/sample-hoa-trash-can-placement-dispute-letter,sample-letter,Sample HOA Trash Can Placement Dispute Letter,Sample HOA Trash Can Placement Dispute Letter,"Use this sample HOA trash can placement dispute letter as a model, then generate a personalized appeal that cites your state rules.",352,indexable,https://www.myhoaappeal.com/samples/sample-hoa-trash-can-placement-dispute-letter,no noindex tag found,sample letter page,lib/content/samples/catalog.ts,HOA trash can placement dispute letter,Informational sample,Medium — four letters share one skeleton,Medium — useful structure; sign-off names overlap editorial personas,Low if clearly labeled educational samples,REWRITE
https://www.myhoaappeal.com/samples/sample-hoa-unauthorized-parking-fine-dispute,sample-letter,Sample HOA Unauthorized Parking Fine Dispute Letter,Sample HOA Unauthorized Parking Fine Dispute,"Review a sample HOA unauthorized parking fine dispute letter covering guest permits, signage, and stacked penalties.",359,indexable,https://www.myhoaappeal.com/samples/sample-hoa-unauthorized-parking-fine-dispute,no noindex tag found,sample letter page,lib/content/samples/catalog.ts,HOA unauthorized parking fine dispute,Informational sample,Medium — four letters share one skeleton,Medium — useful structure; sign-off names overlap editorial personas,Low if clearly labeled educational samples,REWRITE
https://www.myhoaappeal.com/samples/sample-hoa-architectural-violation-appeal-letter,sample-letter,Sample HOA Architectural Violation Appeal Letter,Sample HOA Architectural Violation Appeal Letter,"Read a sample HOA architectural violation appeal letter using prior approvals and guideline history, then generate your own.",345,indexable,https://www.myhoaappeal.com/samples/sample-hoa-architectural-violation-appeal-letter,no noindex tag found,sample letter page,lib/content/samples/catalog.ts,HOA architectural violation appeal letter,Informational sample,Medium — four letters share one skeleton,Medium — useful structure; sign-off names overlap editorial personas,Low if clearly labeled educational samples,REWRITE
https://www.myhoaappeal.com/privacy,redirect,,,301 to /privacy-policy,0,not indexable (301),https://www.myhoaappeal.com/privacy-policy,n/a — redirected,next.config.ts redirect,next.config.ts,/privacy-policy,Legacy alias,None if the 301 stays in place,None,None,REDIRECT
https://www.myhoaappeal.com/terms,redirect,,,301 to /terms-of-service,0,not indexable (301),https://www.myhoaappeal.com/terms-of-service,n/a — redirected,next.config.ts redirect,next.config.ts,/terms-of-service,Legacy alias,None if the 301 stays in place,None,None,REDIRECT
https://www.myhoaappeal.com/editorial,redirect,,,301 to /editorial-policy,0,not indexable (301),https://www.myhoaappeal.com/editorial-policy,n/a — redirected,next.config.ts redirect,next.config.ts,/editorial-policy,Legacy alias,None if the 301 stays in place,None,None,REDIRECT
https://www.myhoaappeal.com/ai,redirect,,,301 to /ai-transparency,0,not indexable (301),https://www.myhoaappeal.com/ai-transparency,n/a — redirected,next.config.ts redirect,next.config.ts,/ai-transparency,Legacy alias,None if the 301 stays in place,None,None,REDIRECT
https://www.myhoaappeal.com/team,redirect,,,301 to /authors,0,not indexable (301),https://www.myhoaappeal.com/authors,n/a — redirected,next.config.ts redirect,next.config.ts,/authors,Legacy alias,None if the 301 stays in place,None,None,REDIRECT
https://www.myhoaappeal.com/ads.txt,ads.txt,,,"google.com, pub-7862241510527930, DIRECT, f08c47fec0942fa0",n/a,technical file,https://www.myhoaappeal.com/ads.txt,n/a,static file,public/ads.txt,AdSense,Crawler file,None,None,None,KEEP
https://www.myhoaappeal.com/guides/worksheets/understanding-your-rights-worksheet.pdf,worksheet-pdf,,,Generated worksheet PDF paired to the guide. Not in the XML sitemap.,n/a,crawlable static file; not in sitemap,,no noindex mechanism found for PDFs,scripts/generate-guide-assets.mjs,public/guides/worksheets/,understanding-your-rights,Downloadable worksheet,High — one PDF per generated guide,"Medium — template asset, not an independent article",Low,NOINDEX
https://www.myhoaappeal.com/guides/worksheets/how-to-collect-evidence-worksheet.pdf,worksheet-pdf,,,Generated worksheet PDF paired to the guide. Not in the XML sitemap.,n/a,crawlable static file; not in sitemap,,no noindex mechanism found for PDFs,scripts/generate-guide-assets.mjs,public/guides/worksheets/,how-to-collect-evidence,Downloadable worksheet,High — one PDF per generated guide,"Medium — template asset, not an independent article",Low,NOINDEX
https://www.myhoaappeal.com/guides/worksheets/dealing-with-lien-threats-worksheet.pdf,worksheet-pdf,,,Generated worksheet PDF paired to the guide. Not in the XML sitemap.,n/a,crawlable static file; not in sitemap,,no noindex mechanism found for PDFs,scripts/generate-guide-assets.mjs,public/guides/worksheets/,dealing-with-lien-threats,Downloadable worksheet,High — one PDF per generated guide,"Medium — template asset, not an independent article",Low,NOINDEX
https://www.myhoaappeal.com/guides/worksheets/hoa-meeting-preparation-worksheet.pdf,worksheet-pdf,,,Generated worksheet PDF paired to the guide. Not in the XML sitemap.,n/a,crawlable static file; not in sitemap,,no noindex mechanism found for PDFs,scripts/generate-guide-assets.mjs,public/guides/worksheets/,hoa-meeting-preparation,Downloadable worksheet,High — one PDF per generated guide,"Medium — template asset, not an independent article",Low,NOINDEX
https://www.myhoaappeal.com/guides/worksheets/hoa-fine-appeal-process-worksheet.pdf,worksheet-pdf,,,Generated worksheet PDF paired to the guide. Not in the XML sitemap.,n/a,crawlable static file; not in sitemap,,no noindex mechanism found for PDFs,scripts/generate-guide-assets.mjs,public/guides/worksheets/,hoa-fine-appeal-process,Downloadable worksheet,High — one PDF per generated guide,"Medium — template asset, not an independent article",Low,NOINDEX
https://www.myhoaappeal.com/guides/worksheets/how-to-write-an-hoa-appeal-letter-worksheet.pdf,worksheet-pdf,,,Generated worksheet PDF paired to the guide. Not in the XML sitemap.,n/a,crawlable static file; not in sitemap,,no noindex mechanism found for PDFs,scripts/generate-guide-assets.mjs,public/guides/worksheets/,how-to-write-an-hoa-appeal-letter,Downloadable worksheet,High — one PDF per generated guide,"Medium — template asset, not an independent article",Low,NOINDEX
https://www.myhoaappeal.com/guides/worksheets/sample-hoa-appeal-letter-structure-worksheet.pdf,worksheet-pdf,,,Generated worksheet PDF paired to the guide. Not in the XML sitemap.,n/a,crawlable static file; not in sitemap,,no noindex mechanism found for PDFs,scripts/generate-guide-assets.mjs,public/guides/worksheets/,sample-hoa-appeal-letter-structure,Downloadable worksheet,High — one PDF per generated guide,"Medium — template asset, not an independent article",Low,NOINDEX
https://www.myhoaappeal.com/guides/worksheets/hoa-hearing-what-to-expect-worksheet.pdf,worksheet-pdf,,,Generated worksheet PDF paired to the guide. Not in the XML sitemap.,n/a,crawlable static file; not in sitemap,,no noindex mechanism found for PDFs,scripts/generate-guide-assets.mjs,public/guides/worksheets/,hoa-hearing-what-to-expect,Downloadable worksheet,High — one PDF per generated guide,"Medium — template asset, not an independent article",Low,NOINDEX
https://www.myhoaappeal.com/guides/worksheets/after-the-hoa-hearing-next-steps-worksheet.pdf,worksheet-pdf,,,Generated worksheet PDF paired to the guide. Not in the XML sitemap.,n/a,crawlable static file; not in sitemap,,no noindex mechanism found for PDFs,scripts/generate-guide-assets.mjs,public/guides/worksheets/,after-the-hoa-hearing-next-steps,Downloadable worksheet,High — one PDF per generated guide,"Medium — template asset, not an independent article",Low,NOINDEX
https://www.myhoaappeal.com/guides/worksheets/appealing-an-hoa-fine-in-court-worksheet.pdf,worksheet-pdf,,,Generated worksheet PDF paired to the guide. Not in the XML sitemap.,n/a,crawlable static file; not in sitemap,,no noindex mechanism found for PDFs,scripts/generate-guide-assets.mjs,public/guides/worksheets/,appealing-an-hoa-fine-in-court,Downloadable worksheet,High — one PDF per generated guide,"Medium — template asset, not an independent article",Low,NOINDEX
https://www.myhoaappeal.com/guides/worksheets/checklist-before-paying-an-hoa-fine-worksheet.pdf,worksheet-pdf,,,Generated worksheet PDF paired to the guide. Not in the XML sitemap.,n/a,crawlable static file; not in sitemap,,no noindex mechanism found for PDFs,scripts/generate-guide-assets.mjs,public/guides/worksheets/,checklist-before-paying-an-hoa-fine,Downloadable worksheet,High — one PDF per generated guide,"Medium — template asset, not an independent article",Low,NOINDEX
https://www.myhoaappeal.com/guides/worksheets/selective-enforcement-hoa-fines-worksheet.pdf,worksheet-pdf,,,Generated worksheet PDF paired to the guide. Not in the XML sitemap.,n/a,crawlable static file; not in sitemap,,no noindex mechanism found for PDFs,scripts/generate-guide-assets.mjs,public/guides/worksheets/,selective-enforcement-hoa-fines,Downloadable worksheet,High — one PDF per generated guide,"Medium — template asset, not an independent article",Low,NOINDEX
https://www.myhoaappeal.com/guides/worksheets/photographic-evidence-for-hoa-appeals-worksheet.pdf,worksheet-pdf,,,Generated worksheet PDF paired to the guide. Not in the XML sitemap.,n/a,crawlable static file; not in sitemap,,no noindex mechanism found for PDFs,scripts/generate-guide-assets.mjs,public/guides/worksheets/,photographic-evidence-for-hoa-appeals,Downloadable worksheet,High — one PDF per generated guide,"Medium — template asset, not an independent article",Low,NOINDEX
https://www.myhoaappeal.com/guides/worksheets/requesting-hoa-records-and-violation-files-worksheet.pdf,worksheet-pdf,,,Generated worksheet PDF paired to the guide. Not in the XML sitemap.,n/a,crawlable static file; not in sitemap,,no noindex mechanism found for PDFs,scripts/generate-guide-assets.mjs,public/guides/worksheets/,requesting-hoa-records-and-violation-files,Downloadable worksheet,High — one PDF per generated guide,"Medium — template asset, not an independent article",Low,NOINDEX
https://www.myhoaappeal.com/guides/worksheets/comparing-neighbor-enforcement-records-worksheet.pdf,worksheet-pdf,,,Generated worksheet PDF paired to the guide. Not in the XML sitemap.,n/a,crawlable static file; not in sitemap,,no noindex mechanism found for PDFs,scripts/generate-guide-assets.mjs,public/guides/worksheets/,comparing-neighbor-enforcement-records,Downloadable worksheet,High — one PDF per generated guide,"Medium — template asset, not an independent article",Low,NOINDEX
https://www.myhoaappeal.com/guides/worksheets/certified-mail-and-notice-proof-worksheet.pdf,worksheet-pdf,,,Generated worksheet PDF paired to the guide. Not in the XML sitemap.,n/a,crawlable static file; not in sitemap,,no noindex mechanism found for PDFs,scripts/generate-guide-assets.mjs,public/guides/worksheets/,certified-mail-and-notice-proof,Downloadable worksheet,High — one PDF per generated guide,"Medium — template asset, not an independent article",Low,NOINDEX
https://www.myhoaappeal.com/guides/worksheets/preparing-exhibits-for-hoa-hearings-worksheet.pdf,worksheet-pdf,,,Generated worksheet PDF paired to the guide. Not in the XML sitemap.,n/a,crawlable static file; not in sitemap,,no noindex mechanism found for PDFs,scripts/generate-guide-assets.mjs,public/guides/worksheets/,preparing-exhibits-for-hoa-hearings,Downloadable worksheet,High — one PDF per generated guide,"Medium — template asset, not an independent article",Low,NOINDEX
https://www.myhoaappeal.com/guides/worksheets/retaliatory-enforcement-by-hoa-boards-worksheet.pdf,worksheet-pdf,,,Generated worksheet PDF paired to the guide. Not in the XML sitemap.,n/a,crawlable static file; not in sitemap,,no noindex mechanism found for PDFs,scripts/generate-guide-assets.mjs,public/guides/worksheets/,retaliatory-enforcement-by-hoa-boards,Downloadable worksheet,High — one PDF per generated guide,"Medium — template asset, not an independent article",Low,NOINDEX
https://www.myhoaappeal.com/guides/worksheets/hoa-fine-schedules-and-caps-worksheet.pdf,worksheet-pdf,,,Generated worksheet PDF paired to the guide. Not in the XML sitemap.,n/a,crawlable static file; not in sitemap,,no noindex mechanism found for PDFs,scripts/generate-guide-assets.mjs,public/guides/worksheets/,hoa-fine-schedules-and-caps,Downloadable worksheet,High — one PDF per generated guide,"Medium — template asset, not an independent article",Low,NOINDEX
https://www.myhoaappeal.com/guides/worksheets/cure-periods-before-hoa-fines-worksheet.pdf,worksheet-pdf,,,Generated worksheet PDF paired to the guide. Not in the XML sitemap.,n/a,crawlable static file; not in sitemap,,no noindex mechanism found for PDFs,scripts/generate-guide-assets.mjs,public/guides/worksheets/,cure-periods-before-hoa-fines,Downloadable worksheet,High — one PDF per generated guide,"Medium — template asset, not an independent article",Low,NOINDEX
https://www.myhoaappeal.com/guides/worksheets/daily-fines-and-accruing-penalties-worksheet.pdf,worksheet-pdf,,,Generated worksheet PDF paired to the guide. Not in the XML sitemap.,n/a,crawlable static file; not in sitemap,,no noindex mechanism found for PDFs,scripts/generate-guide-assets.mjs,public/guides/worksheets/,daily-fines-and-accruing-penalties,Downloadable worksheet,High — one PDF per generated guide,"Medium — template asset, not an independent article",Low,NOINDEX
https://www.myhoaappeal.com/guides/worksheets/assessment-vs-fine-differences-worksheet.pdf,worksheet-pdf,,,Generated worksheet PDF paired to the guide. Not in the XML sitemap.,n/a,crawlable static file; not in sitemap,,no noindex mechanism found for PDFs,scripts/generate-guide-assets.mjs,public/guides/worksheets/,assessment-vs-fine-differences,Downloadable worksheet,High — one PDF per generated guide,"Medium — template asset, not an independent article",Low,NOINDEX
https://www.myhoaappeal.com/guides/worksheets/hoa-collections-and-demand-letters-worksheet.pdf,worksheet-pdf,,,Generated worksheet PDF paired to the guide. Not in the XML sitemap.,n/a,crawlable static file; not in sitemap,,no noindex mechanism found for PDFs,scripts/generate-guide-assets.mjs,public/guides/worksheets/,hoa-collections-and-demand-letters,Downloadable worksheet,High — one PDF per generated guide,"Medium — template asset, not an independent article",Low,NOINDEX
https://www.myhoaappeal.com/guides/worksheets/hoa-foreclosure-risks-from-unpaid-fines-worksheet.pdf,worksheet-pdf,,,Generated worksheet PDF paired to the guide. Not in the XML sitemap.,n/a,crawlable static file; not in sitemap,,no noindex mechanism found for PDFs,scripts/generate-guide-assets.mjs,public/guides/worksheets/,hoa-foreclosure-risks-from-unpaid-fines,Downloadable worksheet,High — one PDF per generated guide,"Medium — template asset, not an independent article",Low,NOINDEX
https://www.myhoaappeal.com/guides/worksheets/privilege-suspension-and-amenity-bans-worksheet.pdf,worksheet-pdf,,,Generated worksheet PDF paired to the guide. Not in the XML sitemap.,n/a,crawlable static file; not in sitemap,,no noindex mechanism found for PDFs,scripts/generate-guide-assets.mjs,public/guides/worksheets/,privilege-suspension-and-amenity-bans,Downloadable worksheet,High — one PDF per generated guide,"Medium — template asset, not an independent article",Low,NOINDEX
https://www.myhoaappeal.com/guides/worksheets/hoa-due-process-rights-worksheet.pdf,worksheet-pdf,,,Generated worksheet PDF paired to the guide. Not in the XML sitemap.,n/a,crawlable static file; not in sitemap,,no noindex mechanism found for PDFs,scripts/generate-guide-assets.mjs,public/guides/worksheets/,hoa-due-process-rights,Downloadable worksheet,High — one PDF per generated guide,"Medium — template asset, not an independent article",Low,NOINDEX
https://www.myhoaappeal.com/guides/worksheets/hoa-fine-timelines-and-deadlines-worksheet.pdf,worksheet-pdf,,,Generated worksheet PDF paired to the guide. Not in the XML sitemap.,n/a,crawlable static file; not in sitemap,,no noindex mechanism found for PDFs,scripts/generate-guide-assets.mjs,public/guides/worksheets/,hoa-fine-timelines-and-deadlines,Downloadable worksheet,High — one PDF per generated guide,"Medium — template asset, not an independent article",Low,NOINDEX
https://www.myhoaappeal.com/guides/worksheets/reading-hoa-statutes-and-ccrs-worksheet.pdf,worksheet-pdf,,,Generated worksheet PDF paired to the guide. Not in the XML sitemap.,n/a,crawlable static file; not in sitemap,,no noindex mechanism found for PDFs,scripts/generate-guide-assets.mjs,public/guides/worksheets/,reading-hoa-statutes-and-ccrs,Downloadable worksheet,High — one PDF per generated guide,"Medium — template asset, not an independent article",Low,NOINDEX
https://www.myhoaappeal.com/guides/worksheets/hoa-legal-terminology-glossary-worksheet.pdf,worksheet-pdf,,,Generated worksheet PDF paired to the guide. Not in the XML sitemap.,n/a,crawlable static file; not in sitemap,,no noindex mechanism found for PDFs,scripts/generate-guide-assets.mjs,public/guides/worksheets/,hoa-legal-terminology-glossary,Downloadable worksheet,High — one PDF per generated guide,"Medium — template asset, not an independent article",Low,NOINDEX
https://www.myhoaappeal.com/guides/worksheets/state-hoa-law-basics-for-homeowners-worksheet.pdf,worksheet-pdf,,,Generated worksheet PDF paired to the guide. Not in the XML sitemap.,n/a,crawlable static file; not in sitemap,,no noindex mechanism found for PDFs,scripts/generate-guide-assets.mjs,public/guides/worksheets/,state-hoa-law-basics-for-homeowners,Downloadable worksheet,High — one PDF per generated guide,"Medium — template asset, not an independent article",Low,NOINDEX
https://www.myhoaappeal.com/guides/worksheets/condominium-vs-hoa-fine-differences-worksheet.pdf,worksheet-pdf,,,Generated worksheet PDF paired to the guide. Not in the XML sitemap.,n/a,crawlable static file; not in sitemap,,no noindex mechanism found for PDFs,scripts/generate-guide-assets.mjs,public/guides/worksheets/,condominium-vs-hoa-fine-differences,Downloadable worksheet,High — one PDF per generated guide,"Medium — template asset, not an independent article",Low,NOINDEX
https://www.myhoaappeal.com/guides/worksheets/statute-of-limitations-for-hoa-fines-worksheet.pdf,worksheet-pdf,,,Generated worksheet PDF paired to the guide. Not in the XML sitemap.,n/a,crawlable static file; not in sitemap,,no noindex mechanism found for PDFs,scripts/generate-guide-assets.mjs,public/guides/worksheets/,statute-of-limitations-for-hoa-fines,Downloadable worksheet,High — one PDF per generated guide,"Medium — template asset, not an independent article",Low,NOINDEX
https://www.myhoaappeal.com/guides/worksheets/homeowner-bill-of-rights-hoa-enforcement-worksheet.pdf,worksheet-pdf,,,Generated worksheet PDF paired to the guide. Not in the XML sitemap.,n/a,crawlable static file; not in sitemap,,no noindex mechanism found for PDFs,scripts/generate-guide-assets.mjs,public/guides/worksheets/,homeowner-bill-of-rights-hoa-enforcement,Downloadable worksheet,High — one PDF per generated guide,"Medium — template asset, not an independent article",Low,NOINDEX
https://www.myhoaappeal.com/guides/worksheets/hoa-board-meeting-rules-and-minutes-worksheet.pdf,worksheet-pdf,,,Generated worksheet PDF paired to the guide. Not in the XML sitemap.,n/a,crawlable static file; not in sitemap,,no noindex mechanism found for PDFs,scripts/generate-guide-assets.mjs,public/guides/worksheets/,hoa-board-meeting-rules-and-minutes,Downloadable worksheet,High — one PDF per generated guide,"Medium — template asset, not an independent article",Low,NOINDEX
https://www.myhoaappeal.com/guides/worksheets/open-meeting-laws-and-hoa-transparency-worksheet.pdf,worksheet-pdf,,,Generated worksheet PDF paired to the guide. Not in the XML sitemap.,n/a,crawlable static file; not in sitemap,,no noindex mechanism found for PDFs,scripts/generate-guide-assets.mjs,public/guides/worksheets/,open-meeting-laws-and-hoa-transparency,Downloadable worksheet,High — one PDF per generated guide,"Medium — template asset, not an independent article",Low,NOINDEX
https://www.myhoaappeal.com/guides/worksheets/conflict-of-interest-on-hoa-boards-worksheet.pdf,worksheet-pdf,,,Generated worksheet PDF paired to the guide. Not in the XML sitemap.,n/a,crawlable static file; not in sitemap,,no noindex mechanism found for PDFs,scripts/generate-guide-assets.mjs,public/guides/worksheets/,conflict-of-interest-on-hoa-boards,Downloadable worksheet,High — one PDF per generated guide,"Medium — template asset, not an independent article",Low,NOINDEX
https://www.myhoaappeal.com/guides/worksheets/management-company-roles-in-hoa-fines-worksheet.pdf,worksheet-pdf,,,Generated worksheet PDF paired to the guide. Not in the XML sitemap.,n/a,crawlable static file; not in sitemap,,no noindex mechanism found for PDFs,scripts/generate-guide-assets.mjs,public/guides/worksheets/,management-company-roles-in-hoa-fines,Downloadable worksheet,High — one PDF per generated guide,"Medium — template asset, not an independent article",Low,NOINDEX
https://www.myhoaappeal.com/guides/worksheets/amending-ccrs-vs-enforcing-rules-worksheet.pdf,worksheet-pdf,,,Generated worksheet PDF paired to the guide. Not in the XML sitemap.,n/a,crawlable static file; not in sitemap,,no noindex mechanism found for PDFs,scripts/generate-guide-assets.mjs,public/guides/worksheets/,amending-ccrs-vs-enforcing-rules,Downloadable worksheet,High — one PDF per generated guide,"Medium — template asset, not an independent article",Low,NOINDEX
https://www.myhoaappeal.com/guides/worksheets/challenging-arbitrary-hoa-fines-worksheet.pdf,worksheet-pdf,,,Generated worksheet PDF paired to the guide. Not in the XML sitemap.,n/a,crawlable static file; not in sitemap,,no noindex mechanism found for PDFs,scripts/generate-guide-assets.mjs,public/guides/worksheets/,challenging-arbitrary-hoa-fines,Downloadable worksheet,High — one PDF per generated guide,"Medium — template asset, not an independent article",Low,NOINDEX
https://www.myhoaappeal.com/guides/worksheets/architectural-review-denials-and-appeals-worksheet.pdf,worksheet-pdf,,,Generated worksheet PDF paired to the guide. Not in the XML sitemap.,n/a,crawlable static file; not in sitemap,,no noindex mechanism found for PDFs,scripts/generate-guide-assets.mjs,public/guides/worksheets/,architectural-review-denials-and-appeals,Downloadable worksheet,High — one PDF per generated guide,"Medium — template asset, not an independent article",Low,NOINDEX
https://www.myhoaappeal.com/guides/worksheets/landscaping-and-maintenance-violation-appeals-worksheet.pdf,worksheet-pdf,,,Generated worksheet PDF paired to the guide. Not in the XML sitemap.,n/a,crawlable static file; not in sitemap,,no noindex mechanism found for PDFs,scripts/generate-guide-assets.mjs,public/guides/worksheets/,landscaping-and-maintenance-violation-appeals,Downloadable worksheet,High — one PDF per generated guide,"Medium — template asset, not an independent article",Low,NOINDEX
https://www.myhoaappeal.com/guides/worksheets/parking-and-vehicle-hoa-fines-worksheet.pdf,worksheet-pdf,,,Generated worksheet PDF paired to the guide. Not in the XML sitemap.,n/a,crawlable static file; not in sitemap,,no noindex mechanism found for PDFs,scripts/generate-guide-assets.mjs,public/guides/worksheets/,parking-and-vehicle-hoa-fines,Downloadable worksheet,High — one PDF per generated guide,"Medium — template asset, not an independent article",Low,NOINDEX
https://www.myhoaappeal.com/guides/worksheets/noise-and-nuisance-hoa-violations-worksheet.pdf,worksheet-pdf,,,Generated worksheet PDF paired to the guide. Not in the XML sitemap.,n/a,crawlable static file; not in sitemap,,no noindex mechanism found for PDFs,scripts/generate-guide-assets.mjs,public/guides/worksheets/,noise-and-nuisance-hoa-violations,Downloadable worksheet,High — one PDF per generated guide,"Medium — template asset, not an independent article",Low,NOINDEX
https://www.myhoaappeal.com/guides/worksheets/pet-related-hoa-fines-worksheet.pdf,worksheet-pdf,,,Generated worksheet PDF paired to the guide. Not in the XML sitemap.,n/a,crawlable static file; not in sitemap,,no noindex mechanism found for PDFs,scripts/generate-guide-assets.mjs,public/guides/worksheets/,pet-related-hoa-fines,Downloadable worksheet,High — one PDF per generated guide,"Medium — template asset, not an independent article",Low,NOINDEX
https://www.myhoaappeal.com/guides/worksheets/short-term-rental-hoa-enforcement-worksheet.pdf,worksheet-pdf,,,Generated worksheet PDF paired to the guide. Not in the XML sitemap.,n/a,crawlable static file; not in sitemap,,no noindex mechanism found for PDFs,scripts/generate-guide-assets.mjs,public/guides/worksheets/,short-term-rental-hoa-enforcement,Downloadable worksheet,High — one PDF per generated guide,"Medium — template asset, not an independent article",Low,NOINDEX
https://www.myhoaappeal.com/guides/worksheets/emergency-fines-and-safety-violations-worksheet.pdf,worksheet-pdf,,,Generated worksheet PDF paired to the guide. Not in the XML sitemap.,n/a,crawlable static file; not in sitemap,,no noindex mechanism found for PDFs,scripts/generate-guide-assets.mjs,public/guides/worksheets/,emergency-fines-and-safety-violations,Downloadable worksheet,High — one PDF per generated guide,"Medium — template asset, not an independent article",Low,NOINDEX
https://www.myhoaappeal.com/guides/worksheets/seasonal-and-weather-related-cure-delays-worksheet.pdf,worksheet-pdf,,,Generated worksheet PDF paired to the guide. Not in the XML sitemap.,n/a,crawlable static file; not in sitemap,,no noindex mechanism found for PDFs,scripts/generate-guide-assets.mjs,public/guides/worksheets/,seasonal-and-weather-related-cure-delays,Downloadable worksheet,High — one PDF per generated guide,"Medium — template asset, not an independent article",Low,NOINDEX
https://www.myhoaappeal.com/guides/worksheets/insurance-claims-and-hoa-fine-disputes-worksheet.pdf,worksheet-pdf,,,Generated worksheet PDF paired to the guide. Not in the XML sitemap.,n/a,crawlable static file; not in sitemap,,no noindex mechanism found for PDFs,scripts/generate-guide-assets.mjs,public/guides/worksheets/,insurance-claims-and-hoa-fine-disputes,Downloadable worksheet,High — one PDF per generated guide,"Medium — template asset, not an independent article",Low,NOINDEX
https://www.myhoaappeal.com/guides/worksheets/mediation-and-adr-for-hoa-disputes-worksheet.pdf,worksheet-pdf,,,Generated worksheet PDF paired to the guide. Not in the XML sitemap.,n/a,crawlable static file; not in sitemap,,no noindex mechanism found for PDFs,scripts/generate-guide-assets.mjs,public/guides/worksheets/,mediation-and-adr-for-hoa-disputes,Downloadable worksheet,High — one PDF per generated guide,"Medium — template asset, not an independent article",Low,NOINDEX
https://www.myhoaappeal.com/guides/worksheets/when-to-hire-an-hoa-attorney-worksheet.pdf,worksheet-pdf,,,Generated worksheet PDF paired to the guide. Not in the XML sitemap.,n/a,crawlable static file; not in sitemap,,no noindex mechanism found for PDFs,scripts/generate-guide-assets.mjs,public/guides/worksheets/,when-to-hire-an-hoa-attorney,Downloadable worksheet,High — one PDF per generated guide,"Medium — template asset, not an independent article",Low,NOINDEX
